name	forma	varietas	subspecies	species	species subgroup	species group	subgenus	genus	subtribe	tribe	subfamily	family	superfamily	parvorder	infraorder	suborder	order	superorder	infraclass	subclass	class	superclass	subphylum	phylum	superphylum	subkingdom	kingdom	superkingdom
Abies_alba	NA	NA	NA	45372	NA	NA	NA	3319	NA	NA	NA	3318	NA	NA	NA	NA	3313	NA	NA	NA	58019	NA	NA	35493	NA	NA	33090	2759
Abies_balsamea	NA	NA	NA	90345	NA	NA	NA	3319	NA	NA	NA	3318	NA	NA	NA	NA	3313	NA	NA	NA	58019	NA	NA	35493	NA	NA	33090	2759
Abies_homolepis	NA	NA	NA	78261	NA	NA	NA	3319	NA	NA	NA	3318	NA	NA	NA	NA	3313	NA	NA	NA	58019	NA	NA	35493	NA	NA	33090	2759
Abies_magnifica	NA	NA	NA	3320	NA	NA	NA	3319	NA	NA	NA	3318	NA	NA	NA	NA	3313	NA	NA	NA	58019	NA	NA	35493	NA	NA	33090	2759
Abies_nordmanniana	NA	NA	NA	97177	NA	NA	NA	3319	NA	NA	NA	3318	NA	NA	NA	NA	3313	NA	NA	NA	58019	NA	NA	35493	NA	NA	33090	2759
Abies_religiosa	NA	NA	NA	425948	NA	NA	NA	3319	NA	NA	NA	3318	NA	NA	NA	NA	3313	NA	NA	NA	58019	NA	NA	35493	NA	NA	33090	2759
Acacia_mangium	NA	NA	NA	224085	NA	NA	NA	3808	NA	163485	3807	3803	NA	NA	NA	NA	72025	NA	NA	71275	NA	NA	NA	35493	NA	NA	33090	2759
Acanthus_ilicifolius	NA	NA	NA	328098	NA	NA	NA	13326	NA	216692	216691	4185	NA	NA	NA	NA	4143	NA	NA	71274	NA	NA	NA	35493	NA	NA	33090	2759
Acer_macrophyllum	NA	NA	NA	66211	NA	NA	NA	4022	NA	NA	NA	910345	NA	NA	NA	NA	41937	NA	NA	71275	NA	NA	NA	35493	NA	NA	33090	2759
Acer_platanoides	NA	NA	NA	4025	NA	NA	NA	4022	NA	NA	NA	910345	NA	NA	NA	NA	41937	NA	NA	71275	NA	NA	NA	35493	NA	NA	33090	2759
Acer_pseudoplatanus	NA	NA	NA	4026	NA	NA	NA	4022	NA	NA	NA	910345	NA	NA	NA	NA	41937	NA	NA	71275	NA	NA	NA	35493	NA	NA	33090	2759
Achillea_millefolium	NA	NA	NA	13329	NA	NA	NA	13328	886729	102810	102804	4210	NA	NA	NA	NA	4209	NA	NA	71274	NA	NA	NA	35493	NA	NA	33090	2759
Acianthus_exsertus	NA	NA	NA	78689	NA	NA	NA	78688	158351	158349	158331	4747	NA	NA	NA	NA	73496	NA	NA	NA	4447	NA	NA	35493	NA	NA	33090	2759
Aegiceras_corniculatum	NA	NA	NA	59970	NA	NA	NA	59969	NA	NA	NA	4335	NA	NA	NA	NA	41945	NA	NA	71274	NA	NA	NA	35493	NA	NA	33090	2759
Aegopodium_podagraria	NA	NA	NA	40902	NA	NA	NA	40898	NA	241781	241778	4037	NA	NA	NA	364270	4036	NA	NA	71274	NA	NA	NA	35493	NA	NA	33090	2759
Afrocarpus_falcatus	NA	NA	NA	56897	NA	NA	NA	120582	NA	NA	NA	3362	NA	NA	NA	NA	3313	NA	NA	NA	58019	NA	NA	35493	NA	NA	33090	2759
Afzelia_africana	NA	NA	NA	162641	NA	NA	NA	162640	NA	163093	3804	3803	NA	NA	NA	NA	72025	NA	NA	71275	NA	NA	NA	35493	NA	NA	33090	2759
Agarista_salicifolia	NA	NA	NA	49175	NA	NA	NA	49132	NA	217056	217037	4345	NA	NA	NA	NA	41945	NA	NA	71274	NA	NA	NA	35493	NA	NA	33090	2759
Agrostis_capillaris	NA	NA	NA	204232	NA	NA	NA	15297	640621	147387	147368	4479	NA	NA	NA	NA	38820	NA	NA	4734	4447	NA	NA	35493	NA	NA	33090	2759
Agrostis_scabra	NA	NA	NA	345920	NA	NA	NA	15297	640621	147387	147368	4479	NA	NA	NA	NA	38820	NA	NA	4734	4447	NA	NA	35493	NA	NA	33090	2759
Agrostis_stolonifera	NA	NA	NA	63632	NA	NA	NA	15297	640621	147387	147368	4479	NA	NA	NA	NA	38820	NA	NA	4734	4447	NA	NA	35493	NA	NA	33090	2759
Ajuga_reptans	NA	NA	NA	38596	NA	NA	NA	38595	NA	NA	216701	4136	NA	NA	NA	NA	4143	NA	NA	71274	NA	NA	NA	35493	NA	NA	33090	2759
Allisonia_cockaynii	NA	NA	NA	269522	NA	NA	NA	269521	NA	NA	NA	269520	NA	NA	NA	186790	186784	NA	NA	400717	186771	NA	NA	35493	NA	NA	33090	2759
Allium_ampeloprasum	NA	NA	NA	4681	NA	NA	NA	4678	NA	703248	40553	4668	NA	NA	NA	NA	73496	NA	NA	NA	4447	NA	NA	35493	NA	NA	33090	2759
Allium_cepa	NA	NA	NA	4679	NA	NA	NA	4678	NA	703248	40553	4668	NA	NA	NA	NA	73496	NA	NA	NA	4447	NA	NA	35493	NA	NA	33090	2759
Allium_fistulosum	NA	NA	NA	35875	NA	NA	NA	4678	NA	703248	40553	4668	NA	NA	NA	NA	73496	NA	NA	NA	4447	NA	NA	35493	NA	NA	33090	2759
Alnus_acuminata	NA	NA	NA	109057	NA	NA	NA	3515	NA	NA	NA	3514	NA	NA	NA	NA	3502	NA	NA	71275	NA	NA	NA	35493	NA	NA	33090	2759
Alnus_alnobetula	NA	NA	NA	38784	NA	NA	NA	3515	NA	NA	NA	3514	NA	NA	NA	NA	3502	NA	NA	71275	NA	NA	NA	35493	NA	NA	33090	2759
Alnus_cordata	NA	NA	NA	109058	NA	NA	NA	3515	NA	NA	NA	3514	NA	NA	NA	NA	3502	NA	NA	71275	NA	NA	NA	35493	NA	NA	33090	2759
Alnus_glutinosa	NA	NA	NA	3517	NA	NA	NA	3515	NA	NA	NA	3514	NA	NA	NA	NA	3502	NA	NA	71275	NA	NA	NA	35493	NA	NA	33090	2759
Alnus_incana	NA	NA	NA	3516	NA	NA	NA	3515	NA	NA	NA	3514	NA	NA	NA	NA	3502	NA	NA	71275	NA	NA	NA	35493	NA	NA	33090	2759
Alnus_nitida	NA	NA	NA	109470	NA	NA	NA	3515	NA	NA	NA	3514	NA	NA	NA	NA	3502	NA	NA	71275	NA	NA	NA	35493	NA	NA	33090	2759
Alnus_rubra	NA	NA	NA	109069	NA	NA	NA	3515	NA	NA	NA	3514	NA	NA	NA	NA	3502	NA	NA	71275	NA	NA	NA	35493	NA	NA	33090	2759
Alzatea_verticillata	NA	NA	NA	39982	NA	NA	NA	39981	NA	NA	NA	40046	NA	NA	NA	NA	41944	NA	NA	71275	NA	NA	NA	35493	NA	NA	33090	2759
Ammophila_arenaria	NA	NA	NA	96047	NA	NA	NA	95188	640621	147387	147368	4479	NA	NA	NA	NA	38820	NA	NA	4734	4447	NA	NA	35493	NA	NA	33090	2759
Ammophila_breviligulata	NA	NA	NA	286491	NA	NA	NA	95188	640621	147387	147368	4479	NA	NA	NA	NA	38820	NA	NA	4734	4447	NA	NA	35493	NA	NA	33090	2759
Anacamptis_laxiflora	NA	NA	NA	59336	NA	NA	NA	59315	158366	158345	158331	4747	NA	NA	NA	NA	73496	NA	NA	NA	4447	NA	NA	35493	NA	NA	33090	2759
Anacamptis_morio	NA	NA	NA	59340	NA	NA	NA	59315	158366	158345	158331	4747	NA	NA	NA	NA	73496	NA	NA	NA	4447	NA	NA	35493	NA	NA	33090	2759
Anagallis_arvensis	NA	NA	NA	4337	NA	NA	NA	4336	NA	NA	NA	4335	NA	NA	NA	NA	41945	NA	NA	71274	NA	NA	NA	35493	NA	NA	33090	2759
Andromeda_polifolia	NA	NA	NA	95630	NA	NA	NA	95629	NA	217057	217037	4345	NA	NA	NA	NA	41945	NA	NA	71274	NA	NA	NA	35493	NA	NA	33090	2759
Andropogon_gerardii	NA	NA	NA	79824	NA	NA	NA	15314	NA	147429	147369	4479	NA	NA	NA	NA	38820	NA	NA	4734	4447	NA	NA	35493	NA	NA	33090	2759
Anemone_patens	NA	NA	NA	387931	NA	NA	NA	22868	NA	NA	NA	3440	NA	NA	NA	NA	41768	NA	NA	NA	NA	NA	NA	35493	NA	NA	33090	2759
Aneura_maxima	NA	NA	NA	414042	NA	NA	NA	70217	NA	NA	NA	39024	NA	NA	NA	NA	34158	NA	NA	186781	186771	NA	NA	35493	NA	NA	33090	2759
Aneura_mirabilis	NA	NA	NA	280810	NA	NA	NA	70217	NA	NA	NA	39024	NA	NA	NA	NA	34158	NA	NA	186781	186771	NA	NA	35493	NA	NA	33090	2759
Aneura_pinguis	NA	NA	NA	39026	NA	NA	NA	70217	NA	NA	NA	39024	NA	NA	NA	NA	34158	NA	NA	186781	186771	NA	NA	35493	NA	NA	33090	2759
Anisoptera_costata	NA	NA	NA	340448	NA	NA	NA	64577	NA	NA	65009	40588	NA	NA	NA	NA	41938	NA	NA	71275	NA	NA	NA	35493	NA	NA	33090	2759
Anogramma_leptophylla	NA	NA	NA	220730	NA	NA	NA	164270	NA	NA	NA	13819	NA	NA	NA	NA	3268	NA	NA	NA	3290	NA	NA	35493	NA	NA	33090	2759
Antennaria_dioica	NA	NA	NA	49054	NA	NA	NA	41475	NA	102808	102804	4210	NA	NA	NA	NA	4209	NA	NA	71274	NA	NA	NA	35493	NA	NA	33090	2759
Anthoceros_agrestis	NA	NA	NA	41834	NA	NA	NA	3233	NA	NA	NA	13811	NA	NA	NA	NA	13810	NA	NA	405585	402688	NA	NA	35493	NA	NA	33090	2759
Anthoceros_fusiformis	NA	NA	NA	400545	NA	NA	NA	3233	NA	NA	NA	13811	NA	NA	NA	NA	13810	NA	NA	405585	402688	NA	NA	35493	NA	NA	33090	2759
Anthoceros_lamellatus	NA	NA	NA	400546	NA	NA	NA	3233	NA	NA	NA	13811	NA	NA	NA	NA	13810	NA	NA	405585	402688	NA	NA	35493	NA	NA	33090	2759
Anthoceros_laminiferus	NA	NA	NA	263837	NA	NA	NA	3233	NA	NA	NA	13811	NA	NA	NA	NA	13810	NA	NA	405585	402688	NA	NA	35493	NA	NA	33090	2759
Anthoceros_punctatus	NA	NA	NA	3234	NA	NA	NA	3233	NA	NA	NA	13811	NA	NA	NA	NA	13810	NA	NA	405585	402688	NA	NA	35493	NA	NA	33090	2759
Anthoxanthum_odoratum	NA	NA	NA	29661	NA	NA	NA	15324	640625	147387	147368	4479	NA	NA	NA	NA	38820	NA	NA	4734	4447	NA	NA	35493	NA	NA	33090	2759
Aphyllorchis_montana	NA	NA	NA	666370	NA	NA	NA	666369	NA	158338	158332	4747	NA	NA	NA	NA	73496	NA	NA	NA	4447	NA	NA	35493	NA	NA	33090	2759
Arachis_hypogaea	NA	NA	NA	3818	NA	NA	NA	3817	NA	163725	3814	3803	NA	NA	NA	NA	72025	NA	NA	71275	NA	NA	NA	35493	NA	NA	33090	2759
Araucaria_angustifolia	NA	NA	NA	56992	NA	NA	NA	25666	NA	NA	NA	25664	NA	NA	NA	NA	3313	NA	NA	NA	58019	NA	NA	35493	NA	NA	33090	2759
Arbutus_unedo	NA	NA	NA	84005	NA	NA	NA	13342	NA	NA	217033	4345	NA	NA	NA	NA	41945	NA	NA	71274	NA	NA	NA	35493	NA	NA	33090	2759
Arctostaphylos_uva-ursi	NA	NA	NA	84009	NA	NA	NA	83607	NA	NA	217033	4345	NA	NA	NA	NA	41945	NA	NA	71274	NA	NA	NA	35493	NA	NA	33090	2759
Aristida_adscensionis	NA	NA	NA	121766	NA	NA	NA	38709	NA	147430	219382	4479	NA	NA	NA	NA	38820	NA	NA	4734	4447	NA	NA	35493	NA	NA	33090	2759
Arnica_montana	NA	NA	NA	436207	NA	NA	NA	4246	911352	219128	102804	4210	NA	NA	NA	NA	4209	NA	NA	71274	NA	NA	NA	35493	NA	NA	33090	2759
Arrhenatherum_elatius	NA	NA	NA	52139	NA	NA	NA	52138	640623	147387	147368	4479	NA	NA	NA	NA	38820	NA	NA	4734	4447	NA	NA	35493	NA	NA	33090	2759
Artemisia_frigida	NA	NA	NA	395280	NA	NA	NA	4219	886714	102810	102804	4210	NA	NA	NA	NA	4209	NA	NA	71274	NA	NA	NA	35493	NA	NA	33090	2759
Artemisia_ludoviciana	NA	NA	NA	86312	NA	NA	NA	4219	886714	102810	102804	4210	NA	NA	NA	NA	4209	NA	NA	71274	NA	NA	NA	35493	NA	NA	33090	2759
Artemisia_vulgaris	NA	NA	NA	4220	NA	NA	NA	4219	886714	102810	102804	4210	NA	NA	NA	NA	4209	NA	NA	71274	NA	NA	NA	35493	NA	NA	33090	2759
Arthrocnemum_macrostachyum	NA	NA	NA	239181	NA	NA	NA	239180	NA	NA	NA	3563	NA	NA	NA	NA	3524	NA	NA	NA	NA	NA	NA	35493	NA	NA	33090	2759
Arum_italicum	NA	NA	NA	59010	NA	NA	NA	4457	NA	293506	284555	4454	NA	NA	NA	NA	16360	NA	NA	NA	4447	NA	NA	35493	NA	NA	33090	2759
Arum_maculatum	NA	NA	NA	4458	NA	NA	NA	4457	NA	293506	284555	4454	NA	NA	NA	NA	16360	NA	NA	NA	4447	NA	NA	35493	NA	NA	33090	2759
Arundina_graminifolia	NA	NA	NA	78703	NA	NA	NA	78702	1006617	158427	158332	4747	NA	NA	NA	NA	73496	NA	NA	NA	4447	NA	NA	35493	NA	NA	33090	2759
Asparagus_officinalis	NA	NA	NA	4686	NA	NA	NA	4685	NA	NA	703533	40552	NA	NA	NA	NA	73496	NA	NA	NA	4447	NA	NA	35493	NA	NA	33090	2759
Aster_tripolium	NA	NA	NA	74787	NA	NA	NA	41479	NA	102809	102804	4210	NA	NA	NA	NA	4209	NA	NA	71274	NA	NA	NA	35493	NA	NA	33090	2759
Athyrium_yokoscense	NA	NA	NA	65704	NA	NA	NA	32109	NA	NA	NA	1203520	NA	NA	NA	NA	3268	NA	NA	NA	3290	NA	NA	35493	NA	NA	33090	2759
Austrobaileya_scandens	NA	NA	NA	13351	NA	NA	NA	13350	NA	NA	NA	22297	NA	NA	NA	NA	82956	NA	NA	NA	NA	NA	NA	35493	NA	NA	33090	2759
Austrocedrus_chilensis	NA	NA	NA	103964	NA	NA	NA	103963	NA	NA	NA	3367	NA	NA	NA	NA	3313	NA	NA	NA	58019	NA	NA	35493	NA	NA	33090	2759
Austrofossombronia_australis	NA	NA	NA	269537	NA	NA	NA	212804	NA	NA	NA	56885	NA	NA	NA	186790	186784	NA	NA	400717	186771	NA	NA	35493	NA	NA	33090	2759
Avena_barbata	NA	NA	NA	146530	NA	NA	NA	4496	640623	147387	147368	4479	NA	NA	NA	NA	38820	NA	NA	4734	4447	NA	NA	35493	NA	NA	33090	2759
Barbilophozia_barbata	NA	NA	NA	209798	NA	NA	NA	209797	NA	NA	NA	1131839	NA	NA	NA	71154	3199	NA	NA	186782	186771	NA	NA	35493	NA	NA	33090	2759
Barbilophozia_hatcheri	NA	NA	NA	248322	NA	NA	NA	209797	NA	NA	NA	1131839	NA	NA	NA	71154	3199	NA	NA	186782	186771	NA	NA	35493	NA	NA	33090	2759
Barbilophozia_lycopodioides	NA	NA	NA	402105	NA	NA	NA	209797	NA	NA	NA	1131839	NA	NA	NA	71154	3199	NA	NA	186782	186771	NA	NA	35493	NA	NA	33090	2759
Betula_alleghaniensis	NA	NA	NA	21017	NA	NA	NA	3504	NA	NA	NA	3514	NA	NA	NA	NA	3502	NA	NA	71275	NA	NA	NA	35493	NA	NA	33090	2759
Betula_papyrifera	NA	NA	NA	3507	NA	NA	NA	3504	NA	NA	NA	3514	NA	NA	NA	NA	3502	NA	NA	71275	NA	NA	NA	35493	NA	NA	33090	2759
Betula_pendula	NA	NA	NA	3505	NA	NA	NA	3504	NA	NA	NA	3514	NA	NA	NA	NA	3502	NA	NA	71275	NA	NA	NA	35493	NA	NA	33090	2759
Betula_platyphylla	NA	NA	NA	78630	NA	NA	NA	3504	NA	NA	NA	3514	NA	NA	NA	NA	3502	NA	NA	71275	NA	NA	NA	35493	NA	NA	33090	2759
Betula_pubescens	NA	NA	NA	38787	NA	NA	NA	3504	NA	NA	NA	3514	NA	NA	NA	NA	3502	NA	NA	71275	NA	NA	NA	35493	NA	NA	33090	2759
Bistorta_vivipara	NA	NA	NA	371026	NA	NA	NA	137670	NA	1110384	1110380	3615	NA	NA	NA	NA	3524	NA	NA	NA	NA	NA	NA	35493	NA	NA	33090	2759
Blasia_pusilla	NA	NA	NA	122625	NA	NA	NA	122624	NA	NA	NA	122623	NA	NA	NA	NA	186785	NA	NA	400709	186770	NA	NA	35493	NA	NA	33090	2759
Boscia_foetida	NA	NA	NA	992652	NA	NA	NA	202622	NA	NA	NA	301453	NA	NA	NA	NA	3699	NA	NA	71275	NA	NA	NA	35493	NA	NA	33090	2759
Botrychium_virginianum	NA	NA	NA	167744	NA	NA	NA	13829	NA	NA	NA	13828	NA	NA	NA	NA	13827	NA	NA	NA	13826	NA	NA	35493	NA	NA	33090	2759
Bouteloua_gracilis	NA	NA	NA	48732	NA	NA	NA	48731	751769	147435	147371	4479	NA	NA	NA	NA	38820	NA	NA	4734	4447	NA	NA	35493	NA	NA	33090	2759
Brachypodium_pinnatum	NA	NA	NA	29663	NA	NA	NA	15367	NA	147385	147368	4479	NA	NA	NA	NA	38820	NA	NA	4734	4447	NA	NA	35493	NA	NA	33090	2759
Brassica_napus	NA	NA	NA	3708	NA	NA	NA	3705	NA	981071	NA	3700	NA	NA	NA	NA	3699	NA	NA	71275	NA	NA	NA	35493	NA	NA	33090	2759
Briza_media	NA	NA	NA	281077	NA	NA	NA	15369	640626	147387	147368	4479	NA	NA	NA	NA	38820	NA	NA	4734	4447	NA	NA	35493	NA	NA	33090	2759
Brodiaea_coronaria	NA	NA	NA	51444	NA	NA	NA	51443	NA	NA	703534	40552	NA	NA	NA	NA	73496	NA	NA	NA	4447	NA	NA	35493	NA	NA	33090	2759
Bromus_erectus	NA	NA	NA	29666	NA	NA	NA	4501	NA	147388	147368	4479	NA	NA	NA	NA	38820	NA	NA	4734	4447	NA	NA	35493	NA	NA	33090	2759
Bromus_tectorum	NA	NA	NA	29667	NA	NA	NA	4501	NA	147388	147368	4479	NA	NA	NA	NA	38820	NA	NA	4734	4447	NA	NA	35493	NA	NA	33090	2759
Bucegia_romanica	NA	NA	NA	53027	NA	NA	NA	53026	NA	NA	NA	29585	NA	NA	NA	NA	28908	NA	NA	186774	186770	NA	NA	35493	NA	NA	33090	2759
Burmannia_capitata	NA	NA	NA	147072	NA	NA	NA	48531	NA	NA	NA	48528	NA	NA	NA	NA	40548	NA	NA	NA	4447	NA	NA	35493	NA	NA	33090	2759
Cajanus_cajan	NA	NA	NA	3821	NA	NA	NA	3820	NA	163735	3814	3803	NA	NA	NA	NA	72025	NA	NA	71275	NA	NA	NA	35493	NA	NA	33090	2759
Calamagrostis_arundinacea	NA	NA	NA	389630	NA	NA	NA	15376	640621	147387	147368	4479	NA	NA	NA	NA	38820	NA	NA	4734	4447	NA	NA	35493	NA	NA	33090	2759
Callicarpa_americana	NA	NA	NA	204211	NA	NA	NA	21922	NA	NA	NA	4136	NA	NA	NA	NA	4143	NA	NA	71274	NA	NA	NA	35493	NA	NA	33090	2759
Calluna_vulgaris	NA	NA	NA	13385	NA	NA	NA	13384	NA	217042	217035	4345	NA	NA	NA	NA	41945	NA	NA	71274	NA	NA	NA	35493	NA	NA	33090	2759
Caltha_palustris	NA	NA	NA	3449	NA	NA	NA	3448	NA	NA	NA	3440	NA	NA	NA	NA	41768	NA	NA	NA	NA	NA	NA	35493	NA	NA	33090	2759
Calypogeia_fissa	NA	NA	NA	362796	NA	NA	NA	41851	NA	NA	NA	41850	NA	NA	NA	3200	3199	NA	NA	186782	186771	NA	NA	35493	NA	NA	33090	2759
Calypogeia_muelleriana	NA	NA	NA	56915	NA	NA	NA	41851	NA	NA	NA	41850	NA	NA	NA	3200	3199	NA	NA	186782	186771	NA	NA	35493	NA	NA	33090	2759
Camellia_japonica	NA	NA	NA	4443	NA	NA	NA	4441	NA	NA	NA	27065	NA	NA	NA	NA	41945	NA	NA	71274	NA	NA	NA	35493	NA	NA	33090	2759
Campanula_punctata	NA	NA	NA	82282	NA	NA	NA	40568	NA	NA	NA	4381	NA	NA	NA	NA	4209	NA	NA	71274	NA	NA	NA	35493	NA	NA	33090	2759
Caragana_korshinskii	NA	NA	NA	220689	NA	NA	NA	20483	NA	163730	3814	3803	NA	NA	NA	NA	72025	NA	NA	71275	NA	NA	NA	35493	NA	NA	33090	2759
Cardamine_pratensis	NA	NA	NA	50465	NA	NA	NA	50460	NA	980193	NA	3700	NA	NA	NA	NA	3699	NA	NA	71275	NA	NA	NA	35493	NA	NA	33090	2759
Carduus_tenuiflorus	NA	NA	NA	196703	NA	NA	NA	92905	742010	102818	219103	4210	NA	NA	NA	NA	4209	NA	NA	71274	NA	NA	NA	35493	NA	NA	33090	2759
Carya_illinoinensis	NA	NA	NA	32201	NA	NA	NA	13402	NA	NA	NA	16714	NA	NA	NA	NA	3502	NA	NA	71275	NA	NA	NA	35493	NA	NA	33090	2759
Castanea_dentata	NA	NA	NA	134033	NA	NA	NA	21019	NA	NA	NA	3503	NA	NA	NA	NA	3502	NA	NA	71275	NA	NA	NA	35493	NA	NA	33090	2759
Castanea_mollissima	NA	NA	NA	60419	NA	NA	NA	21019	NA	NA	NA	3503	NA	NA	NA	NA	3502	NA	NA	71275	NA	NA	NA	35493	NA	NA	33090	2759
Castanea_sativa	NA	NA	NA	21020	NA	NA	NA	21019	NA	NA	NA	3503	NA	NA	NA	NA	3502	NA	NA	71275	NA	NA	NA	35493	NA	NA	33090	2759
Castanopsis_fargesii	NA	NA	NA	167386	NA	NA	NA	114815	NA	NA	NA	3503	NA	NA	NA	NA	3502	NA	NA	71275	NA	NA	NA	35493	NA	NA	33090	2759
Casuarina_equisetifolia	NA	NA	NA	3523	NA	NA	NA	3521	NA	NA	NA	3520	NA	NA	NA	NA	3502	NA	NA	71275	NA	NA	NA	35493	NA	NA	33090	2759
Cecropia_obtusa	NA	NA	NA	688039	NA	NA	NA	77071	NA	NA	NA	3499	NA	NA	NA	NA	3744	NA	NA	71275	NA	NA	NA	35493	NA	NA	33090	2759
Cedrela_odorata	NA	NA	NA	124947	NA	NA	NA	124946	NA	NA	NA	43707	NA	NA	NA	NA	41937	NA	NA	71275	NA	NA	NA	35493	NA	NA	33090	2759
Cedrus_atlantica	NA	NA	NA	123597	NA	NA	NA	3321	NA	NA	NA	3318	NA	NA	NA	NA	3313	NA	NA	NA	58019	NA	NA	35493	NA	NA	33090	2759
Cedrus_deodara	NA	NA	NA	3322	NA	NA	NA	3321	NA	NA	NA	3318	NA	NA	NA	NA	3313	NA	NA	NA	58019	NA	NA	35493	NA	NA	33090	2759
Cenchrus_ciliaris	NA	NA	NA	35872	NA	NA	NA	4583	NA	147428	147369	4479	NA	NA	NA	NA	38820	NA	NA	4734	4447	NA	NA	35493	NA	NA	33090	2759
Centaurea_jacea	NA	NA	NA	351340	NA	NA	NA	41503	742011	102818	219103	4210	NA	NA	NA	NA	4209	NA	NA	71274	NA	NA	NA	35493	NA	NA	33090	2759
Cephalanthera_damasonium	NA	NA	NA	78719	NA	NA	NA	78718	NA	158338	158332	4747	NA	NA	NA	NA	73496	NA	NA	NA	4447	NA	NA	35493	NA	NA	33090	2759
Cephalanthera_erecta	NA	NA	NA	814926	NA	NA	NA	78718	NA	158338	158332	4747	NA	NA	NA	NA	73496	NA	NA	NA	4447	NA	NA	35493	NA	NA	33090	2759
Cephalanthera_falcata	NA	NA	NA	814928	NA	NA	NA	78718	NA	158338	158332	4747	NA	NA	NA	NA	73496	NA	NA	NA	4447	NA	NA	35493	NA	NA	33090	2759
Cephalanthera_longibracteata	NA	NA	NA	428214	NA	NA	NA	78718	NA	158338	158332	4747	NA	NA	NA	NA	73496	NA	NA	NA	4447	NA	NA	35493	NA	NA	33090	2759
Cephalanthera_longifolia	NA	NA	NA	210729	NA	NA	NA	78718	NA	158338	158332	4747	NA	NA	NA	NA	73496	NA	NA	NA	4447	NA	NA	35493	NA	NA	33090	2759
Cephalanthera_rubra	NA	NA	NA	210728	NA	NA	NA	78718	NA	158338	158332	4747	NA	NA	NA	NA	73496	NA	NA	NA	4447	NA	NA	35493	NA	NA	33090	2759
Cephalozia_bicuspidata	NA	NA	NA	70212	NA	NA	NA	70211	NA	NA	NA	70210	NA	NA	NA	71154	3199	NA	NA	186782	186771	NA	NA	35493	NA	NA	33090	2759
Cephaloziella_varians	NA	NA	NA	350784	NA	NA	NA	280806	NA	NA	NA	280805	NA	NA	NA	71154	3199	NA	NA	186782	186771	NA	NA	35493	NA	NA	33090	2759
Cercocarpus_ledifolius	NA	NA	NA	32221	NA	NA	NA	23146	NA	NA	721791	3745	NA	NA	NA	NA	3744	NA	NA	71275	NA	NA	NA	35493	NA	NA	33090	2759
Chamaecyparis_obtusa	NA	NA	NA	13415	NA	NA	NA	13414	NA	NA	NA	3367	NA	NA	NA	NA	3313	NA	NA	NA	58019	NA	NA	35493	NA	NA	33090	2759
Chamerion_angustifolium	NA	NA	NA	13055	NA	NA	NA	238243	NA	NA	NA	3934	NA	NA	NA	NA	41944	NA	NA	71275	NA	NA	NA	35493	NA	NA	33090	2759
Chimaphila_umbellata	NA	NA	NA	93815	NA	NA	NA	93812	NA	217038	217032	4345	NA	NA	NA	NA	41945	NA	NA	71274	NA	NA	NA	35493	NA	NA	33090	2759
Cinchona_officinalis	NA	NA	NA	273781	NA	NA	NA	43462	NA	169625	169619	24966	NA	NA	NA	NA	4055	NA	NA	71274	NA	NA	NA	35493	NA	NA	33090	2759
Cinnamomum_bejolghota	NA	NA	NA	397101	NA	NA	NA	13428	NA	NA	NA	3433	NA	NA	NA	NA	3432	NA	NA	NA	NA	NA	NA	35493	NA	NA	33090	2759
Citrullus_colocynthis	NA	NA	NA	252529	NA	NA	NA	3653	NA	1003877	NA	3650	NA	NA	NA	NA	71239	NA	NA	71275	NA	NA	NA	35493	NA	NA	33090	2759
Citrus_maxima	NA	NA	NA	37334	NA	NA	NA	2706	NA	NA	NA	23513	NA	NA	NA	NA	41937	NA	NA	71275	NA	NA	NA	35493	NA	NA	33090	2759
Clematis_vitalba	NA	NA	NA	37490	NA	NA	NA	3452	NA	NA	NA	3440	NA	NA	NA	NA	41768	NA	NA	NA	NA	NA	NA	35493	NA	NA	33090	2759
Clintonia_borealis	NA	NA	NA	34183	NA	NA	NA	16047	NA	NA	NA	4677	NA	NA	NA	NA	4667	NA	NA	NA	4447	NA	NA	35493	NA	NA	33090	2759
Cneorum_tricoccon	NA	NA	NA	459164	NA	NA	NA	43705	NA	NA	NA	23513	NA	NA	NA	NA	41937	NA	NA	71275	NA	NA	NA	35493	NA	NA	33090	2759
Coffea_arabica	NA	NA	NA	13443	NA	NA	NA	13442	NA	169640	169618	24966	NA	NA	NA	NA	4055	NA	NA	71274	NA	NA	NA	35493	NA	NA	33090	2759
Comarostaphylis_arbutoides	NA	NA	NA	84014	NA	NA	NA	84013	NA	NA	217033	4345	NA	NA	NA	NA	41945	NA	NA	71274	NA	NA	NA	35493	NA	NA	33090	2759
Commelina_benghalensis	NA	NA	NA	34173	NA	NA	NA	4743	NA	NA	NA	4740	NA	NA	NA	NA	4739	NA	NA	4734	4447	NA	NA	35493	NA	NA	33090	2759
Conocephalum_conicum	NA	NA	NA	41839	NA	NA	NA	41838	NA	NA	NA	41837	NA	NA	NA	NA	28908	NA	NA	186774	186770	NA	NA	35493	NA	NA	33090	2759
Convallaria_majalis	NA	NA	NA	32189	NA	NA	NA	16053	NA	NA	703537	40552	NA	NA	NA	NA	73496	NA	NA	NA	4447	NA	NA	35493	NA	NA	33090	2759
Conyza_canadensis	NA	NA	NA	72917	NA	NA	NA	41552	NA	102809	102804	4210	NA	NA	NA	NA	4209	NA	NA	71274	NA	NA	NA	35493	NA	NA	33090	2759
Corallorhiza_trifida	NA	NA	NA	451881	NA	NA	NA	48525	NA	158390	158332	4747	NA	NA	NA	NA	73496	NA	NA	NA	4447	NA	NA	35493	NA	NA	33090	2759
Cornus_suecica	NA	NA	NA	164435	NA	NA	NA	4281	NA	NA	4280	42219	NA	NA	NA	NA	41934	NA	NA	71274	NA	NA	NA	35493	NA	NA	33090	2759
Corycium_carnosum	NA	NA	NA	62830	NA	NA	NA	62829	158348	158345	158331	4747	NA	NA	NA	NA	73496	NA	NA	NA	4447	NA	NA	35493	NA	NA	33090	2759
Corylus_avellana	NA	NA	NA	13451	NA	NA	NA	13450	NA	NA	NA	3514	NA	NA	NA	NA	3502	NA	NA	71275	NA	NA	NA	35493	NA	NA	33090	2759
Corylus_colurna	NA	NA	NA	101193	NA	NA	NA	13450	NA	NA	NA	3514	NA	NA	NA	NA	3502	NA	NA	71275	NA	NA	NA	35493	NA	NA	33090	2759
Crataegus_monogyna	NA	NA	NA	140997	NA	NA	NA	23159	NA	721813	171637	3745	NA	NA	NA	NA	3744	NA	NA	71275	NA	NA	NA	35493	NA	NA	33090	2759
Cremastra_appendiculata	NA	NA	NA	459596	NA	NA	NA	459595	NA	158390	158332	4747	NA	NA	NA	NA	73496	NA	NA	NA	4447	NA	NA	35493	NA	NA	33090	2759
Cymbidium_ensifolium	NA	NA	NA	78740	NA	NA	NA	14366	1006621	158391	158332	4747	NA	NA	NA	NA	73496	NA	NA	NA	4447	NA	NA	35493	NA	NA	33090	2759
Cymbidium_floribundum	NA	NA	NA	160531	NA	NA	NA	14366	1006621	158391	158332	4747	NA	NA	NA	NA	73496	NA	NA	NA	4447	NA	NA	35493	NA	NA	33090	2759
Cymbidium_goeringii	NA	NA	NA	112607	NA	NA	NA	14366	1006621	158391	158332	4747	NA	NA	NA	NA	73496	NA	NA	NA	4447	NA	NA	35493	NA	NA	33090	2759
Cymbidium_lancifolium	NA	NA	NA	112612	NA	NA	NA	14366	1006621	158391	158332	4747	NA	NA	NA	NA	73496	NA	NA	NA	4447	NA	NA	35493	NA	NA	33090	2759
Cymbidium_sinense	NA	NA	NA	112615	NA	NA	NA	14366	1006621	158391	158332	4747	NA	NA	NA	NA	73496	NA	NA	NA	4447	NA	NA	35493	NA	NA	33090	2759
Cymbopogon_nardus	NA	NA	NA	79840	NA	NA	NA	66013	NA	147429	147369	4479	NA	NA	NA	NA	38820	NA	NA	4734	4447	NA	NA	35493	NA	NA	33090	2759
Cynara_cardunculus	NA	NA	NA	4265	NA	NA	NA	4264	742010	102818	219103	4210	NA	NA	NA	NA	4209	NA	NA	71274	NA	NA	NA	35493	NA	NA	33090	2759
Cynosurus_cristatus	NA	NA	NA	211939	NA	NA	NA	211938	640894	147387	147368	4479	NA	NA	NA	NA	38820	NA	NA	4734	4447	NA	NA	35493	NA	NA	33090	2759
Cynosurus_echinatus	NA	NA	NA	211940	NA	NA	NA	211938	640894	147387	147368	4479	NA	NA	NA	NA	38820	NA	NA	4734	4447	NA	NA	35493	NA	NA	33090	2759
Cypripedium_acaule	NA	NA	NA	38191	NA	NA	NA	38190	NA	NA	158330	4747	NA	NA	NA	NA	73496	NA	NA	NA	4447	NA	NA	35493	NA	NA	33090	2759
Cypripedium_arietinum	NA	NA	NA	153602	NA	NA	NA	38190	NA	NA	158330	4747	NA	NA	NA	NA	73496	NA	NA	NA	4447	NA	NA	35493	NA	NA	33090	2759
Cypripedium_calceolus	NA	NA	NA	53038	NA	NA	NA	38190	NA	NA	158330	4747	NA	NA	NA	NA	73496	NA	NA	NA	4447	NA	NA	35493	NA	NA	33090	2759
Cypripedium_californicum	NA	NA	NA	53039	NA	NA	NA	38190	NA	NA	158330	4747	NA	NA	NA	NA	73496	NA	NA	NA	4447	NA	NA	35493	NA	NA	33090	2759
Cypripedium_candidum	NA	NA	NA	442461	NA	NA	NA	38190	NA	NA	158330	4747	NA	NA	NA	NA	73496	NA	NA	NA	4447	NA	NA	35493	NA	NA	33090	2759
Cypripedium_debile	NA	NA	NA	442462	NA	NA	NA	38190	NA	NA	158330	4747	NA	NA	NA	NA	73496	NA	NA	NA	4447	NA	NA	35493	NA	NA	33090	2759
Cypripedium_fasciculatum	NA	NA	NA	53040	NA	NA	NA	38190	NA	NA	158330	4747	NA	NA	NA	NA	73496	NA	NA	NA	4447	NA	NA	35493	NA	NA	33090	2759
Cypripedium_flavum	NA	NA	NA	53041	NA	NA	NA	38190	NA	NA	158330	4747	NA	NA	NA	NA	73496	NA	NA	NA	4447	NA	NA	35493	NA	NA	33090	2759
Cypripedium_formosanum	NA	NA	NA	53042	NA	NA	NA	38190	NA	NA	158330	4747	NA	NA	NA	NA	73496	NA	NA	NA	4447	NA	NA	35493	NA	NA	33090	2759
Cypripedium_guttatum	NA	NA	NA	53043	NA	NA	NA	38190	NA	NA	158330	4747	NA	NA	NA	NA	73496	NA	NA	NA	4447	NA	NA	35493	NA	NA	33090	2759
Cypripedium_japonicum	NA	NA	NA	442463	NA	NA	NA	38190	NA	NA	158330	4747	NA	NA	NA	NA	73496	NA	NA	NA	4447	NA	NA	35493	NA	NA	33090	2759
Cypripedium_montanum	NA	NA	NA	442465	NA	NA	NA	38190	NA	NA	158330	4747	NA	NA	NA	NA	73496	NA	NA	NA	4447	NA	NA	35493	NA	NA	33090	2759
Cypripedium_parviflorum	NA	NA	NA	153603	NA	NA	NA	38190	NA	NA	158330	4747	NA	NA	NA	NA	73496	NA	NA	NA	4447	NA	NA	35493	NA	NA	33090	2759
Cypripedium_reginae	NA	NA	NA	53051	NA	NA	NA	38190	NA	NA	158330	4747	NA	NA	NA	NA	73496	NA	NA	NA	4447	NA	NA	35493	NA	NA	33090	2759
Cypripedium_tibeticum	NA	NA	NA	752253	NA	NA	NA	38190	NA	NA	158330	4747	NA	NA	NA	NA	73496	NA	NA	NA	4447	NA	NA	35493	NA	NA	33090	2759
Dacrycarpus_dacrydioides	NA	NA	NA	56888	NA	NA	NA	50180	NA	NA	NA	3362	NA	NA	NA	NA	3313	NA	NA	NA	58019	NA	NA	35493	NA	NA	33090	2759
Dactylis_glomerata	NA	NA	NA	4509	NA	NA	NA	4508	640895	147387	147368	4479	NA	NA	NA	NA	38820	NA	NA	4734	4447	NA	NA	35493	NA	NA	33090	2759
Daucus_carota	NA	NA	NA	4039	NA	NA	NA	4038	241799	241789	241778	4037	NA	NA	NA	364270	4036	NA	NA	71274	NA	NA	NA	35493	NA	NA	33090	2759
Delonix_regia	NA	NA	NA	72433	NA	NA	NA	72432	NA	163090	3804	3803	NA	NA	NA	NA	72025	NA	NA	71275	NA	NA	NA	35493	NA	NA	33090	2759
Dendrobium_catenatum	NA	NA	NA	906689	NA	NA	NA	37818	158406	NA	158332	4747	NA	NA	NA	NA	73496	NA	NA	NA	4447	NA	NA	35493	NA	NA	33090	2759
Dendrobium_chrysanthum	NA	NA	NA	154291	NA	NA	NA	37818	158406	NA	158332	4747	NA	NA	NA	NA	73496	NA	NA	NA	4447	NA	NA	35493	NA	NA	33090	2759
Dendrobium_crumenatum	NA	NA	NA	51096	NA	NA	NA	37818	158406	NA	158332	4747	NA	NA	NA	NA	73496	NA	NA	NA	4447	NA	NA	35493	NA	NA	33090	2759
Dendrobium_fimbriatum	NA	NA	NA	117953	NA	NA	NA	37818	158406	NA	158332	4747	NA	NA	NA	NA	73496	NA	NA	NA	4447	NA	NA	35493	NA	NA	33090	2759
Dendrobium_nobile	NA	NA	NA	94219	NA	NA	NA	37818	158406	NA	158332	4747	NA	NA	NA	NA	73496	NA	NA	NA	4447	NA	NA	35493	NA	NA	33090	2759
Dendroceros_crispus	NA	NA	NA	400549	NA	NA	NA	249527	NA	NA	405588	400690	NA	NA	NA	NA	400689	NA	NA	405587	402688	NA	NA	35493	NA	NA	33090	2759
Dendroceros_validus	NA	NA	NA	249528	NA	NA	NA	249527	NA	NA	405588	400690	NA	NA	NA	NA	400689	NA	NA	405587	402688	NA	NA	35493	NA	NA	33090	2759
Dichrostachys_cinerea	NA	NA	NA	196665	NA	NA	NA	148687	NA	163487	3807	3803	NA	NA	NA	NA	72025	NA	NA	71275	NA	NA	NA	35493	NA	NA	33090	2759
Dicksonia_squarrosa	NA	NA	NA	361551	NA	NA	NA	3270	NA	NA	NA	3269	NA	NA	NA	NA	693763	NA	NA	NA	3290	NA	NA	35493	NA	NA	33090	2759
Dicorynia_guianensis	NA	NA	NA	162748	NA	NA	NA	162747	NA	163091	3804	3803	NA	NA	NA	NA	72025	NA	NA	71275	NA	NA	NA	35493	NA	NA	33090	2759
Dimocarpus_longan	NA	NA	NA	128017	NA	NA	NA	128016	NA	NA	NA	23672	NA	NA	NA	NA	41937	NA	NA	71275	NA	NA	NA	35493	NA	NA	33090	2759
Dioscorea_rotundata	NA	NA	NA	55577	NA	NA	NA	4672	NA	NA	NA	4671	NA	NA	NA	NA	40548	NA	NA	NA	4447	NA	NA	35493	NA	NA	33090	2759
Diphasiastrum_alpinum	NA	NA	NA	73625	NA	NA	NA	455304	NA	NA	NA	3250	NA	NA	NA	NA	3249	NA	NA	NA	3248	NA	NA	35493	NA	NA	33090	2759
Diplophyllum_albicans	NA	NA	NA	264775	NA	NA	NA	248353	NA	NA	NA	41845	NA	NA	NA	71154	3199	NA	NA	186782	186771	NA	NA	35493	NA	NA	33090	2759
Diplophyllum_obtusifolium	NA	NA	NA	248354	NA	NA	NA	248353	NA	NA	NA	41845	NA	NA	NA	71154	3199	NA	NA	186782	186771	NA	NA	35493	NA	NA	33090	2759
Diplopterygium_glaucum	NA	NA	NA	397682	NA	NA	NA	292898	NA	NA	NA	3272	NA	NA	NA	NA	693761	NA	NA	NA	3290	NA	NA	35493	NA	NA	33090	2759
Dipterocarpus_tuberculatus	NA	NA	NA	340443	NA	NA	NA	64585	NA	NA	65009	40588	NA	NA	NA	NA	41938	NA	NA	71275	NA	NA	NA	35493	NA	NA	33090	2759
Disa_bracteata	NA	NA	NA	62855	NA	NA	NA	62838	158348	158345	158331	4747	NA	NA	NA	NA	73496	NA	NA	NA	4447	NA	NA	35493	NA	NA	33090	2759
Disperis_capensis	NA	NA	NA	62849	NA	NA	NA	62848	207292	158345	158331	4747	NA	NA	NA	NA	73496	NA	NA	NA	4447	NA	NA	35493	NA	NA	33090	2759
Dodonaea_viscosa	NA	NA	NA	151065	NA	NA	NA	43718	NA	NA	NA	23672	NA	NA	NA	NA	41937	NA	NA	71275	NA	NA	NA	35493	NA	NA	33090	2759
Dryas_integrifolia	NA	NA	NA	395290	NA	NA	NA	48230	NA	NA	721791	3745	NA	NA	NA	NA	3744	NA	NA	71275	NA	NA	NA	35493	NA	NA	33090	2759
Dryas_octopetala	NA	NA	NA	57948	NA	NA	NA	48230	NA	NA	721791	3745	NA	NA	NA	NA	3744	NA	NA	71275	NA	NA	NA	35493	NA	NA	33090	2759
Dysphania_ambrosioides	NA	NA	NA	330163	NA	NA	NA	240058	NA	1307776	1307796	3563	NA	NA	NA	NA	3524	NA	NA	NA	NA	NA	NA	35493	NA	NA	33090	2759
Elephantopus_scaber	NA	NA	NA	396369	NA	NA	NA	318056	748788	102819	219120	4210	NA	NA	NA	NA	4209	NA	NA	71274	NA	NA	NA	35493	NA	NA	33090	2759
Empetrum_nigrum	NA	NA	NA	191066	NA	NA	NA	45918	NA	217043	217035	4345	NA	NA	NA	NA	41945	NA	NA	71274	NA	NA	NA	35493	NA	NA	33090	2759
Enkianthus_campanulatus	NA	NA	NA	13508	NA	NA	NA	13507	NA	NA	217030	4345	NA	NA	NA	NA	41945	NA	NA	71274	NA	NA	NA	35493	NA	NA	33090	2759
Enkianthus_cernuus	NA	NA	NA	1157099	NA	NA	NA	13507	NA	NA	217030	4345	NA	NA	NA	NA	41945	NA	NA	71274	NA	NA	NA	35493	NA	NA	33090	2759
Enkianthus_nudipes	NA	NA	NA	1157100	NA	NA	NA	13507	NA	NA	217030	4345	NA	NA	NA	NA	41945	NA	NA	71274	NA	NA	NA	35493	NA	NA	33090	2759
Enkianthus_perulatus	NA	NA	NA	941566	NA	NA	NA	13507	NA	NA	217030	4345	NA	NA	NA	NA	41945	NA	NA	71274	NA	NA	NA	35493	NA	NA	33090	2759
Enkianthus_sikokianus	NA	NA	NA	1157098	NA	NA	NA	13507	NA	NA	217030	4345	NA	NA	NA	NA	41945	NA	NA	71274	NA	NA	NA	35493	NA	NA	33090	2759
Enkianthus_subsessilis	NA	NA	NA	1157101	NA	NA	NA	13507	NA	NA	217030	4345	NA	NA	NA	NA	41945	NA	NA	71274	NA	NA	NA	35493	NA	NA	33090	2759
Eperua_falcata	NA	NA	NA	162769	NA	NA	NA	162768	NA	163093	3804	3803	NA	NA	NA	NA	72025	NA	NA	71275	NA	NA	NA	35493	NA	NA	33090	2759
Eperua_grandiflora	NA	NA	NA	162770	NA	NA	NA	162768	NA	163093	3804	3803	NA	NA	NA	NA	72025	NA	NA	71275	NA	NA	NA	35493	NA	NA	33090	2759
Ephedra_fragilis	NA	NA	NA	50295	NA	NA	NA	3387	NA	NA	NA	3386	NA	NA	NA	NA	3385	NA	NA	NA	3372	NA	NA	35493	NA	NA	33090	2759
Epidendrum_rhopalostele	NA	NA	NA	1031413	NA	NA	NA	38234	158408	158389	158332	4747	NA	NA	NA	NA	73496	NA	NA	NA	4447	NA	NA	35493	NA	NA	33090	2759
Epilobium_ciliatum	NA	NA	NA	33132	NA	NA	NA	13054	NA	NA	NA	3934	NA	NA	NA	NA	41944	NA	NA	71275	NA	NA	NA	35493	NA	NA	33090	2759
Epipactis_albensis	NA	NA	NA	214676	NA	NA	NA	14457	NA	158338	158332	4747	NA	NA	NA	NA	73496	NA	NA	NA	4447	NA	NA	35493	NA	NA	33090	2759
Epipactis_atrorubens	NA	NA	NA	492483	NA	NA	NA	14457	NA	158338	158332	4747	NA	NA	NA	NA	73496	NA	NA	NA	4447	NA	NA	35493	NA	NA	33090	2759
Epipactis_dunensis	NA	NA	NA	207363	NA	NA	NA	14457	NA	158338	158332	4747	NA	NA	NA	NA	73496	NA	NA	NA	4447	NA	NA	35493	NA	NA	33090	2759
Epipactis_helleborine	NA	NA	NA	28472	NA	NA	NA	14457	NA	158338	158332	4747	NA	NA	NA	NA	73496	NA	NA	NA	4447	NA	NA	35493	NA	NA	33090	2759
Epipactis_palustris	NA	NA	NA	210730	NA	NA	NA	14457	NA	158338	158332	4747	NA	NA	NA	NA	73496	NA	NA	NA	4447	NA	NA	35493	NA	NA	33090	2759
Epipactis_purpurata	NA	NA	NA	858887	NA	NA	NA	14457	NA	158338	158332	4747	NA	NA	NA	NA	73496	NA	NA	NA	4447	NA	NA	35493	NA	NA	33090	2759
Equisetum_fluviatile	NA	NA	NA	231680	NA	NA	NA	3257	NA	NA	NA	3256	NA	NA	NA	NA	3255	NA	NA	NA	3254	NA	NA	35493	NA	NA	33090	2759
Erica_carnea	NA	NA	NA	185769	NA	NA	NA	13509	NA	217042	217035	4345	NA	NA	NA	NA	41945	NA	NA	71274	NA	NA	NA	35493	NA	NA	33090	2759
Erica_ciliaris	NA	NA	NA	643570	NA	NA	NA	13509	NA	217042	217035	4345	NA	NA	NA	NA	41945	NA	NA	71274	NA	NA	NA	35493	NA	NA	33090	2759
Erica_cinerea	NA	NA	NA	270432	NA	NA	NA	13509	NA	217042	217035	4345	NA	NA	NA	NA	41945	NA	NA	71274	NA	NA	NA	35493	NA	NA	33090	2759
Erica_vagans	NA	NA	NA	270446	NA	NA	NA	13509	NA	217042	217035	4345	NA	NA	NA	NA	41945	NA	NA	71274	NA	NA	NA	35493	NA	NA	33090	2759
Eriochilus_cucullatus	NA	NA	NA	78767	NA	NA	NA	78766	158352	158349	158331	4747	NA	NA	NA	NA	73496	NA	NA	NA	4447	NA	NA	35493	NA	NA	33090	2759
Mimulus_guttatus	NA	NA	NA	4155	NA	NA	NA	4154	NA	NA	NA	41399	NA	NA	NA	NA	4143	NA	NA	71274	NA	NA	NA	35493	NA	NA	33090	2759
Eucalyptus_camaldulensis	NA	NA	NA	34316	NA	NA	NA	3932	NA	NA	NA	3931	NA	NA	NA	NA	41944	NA	NA	71275	NA	NA	NA	35493	NA	NA	33090	2759
Eucalyptus_globulus	NA	NA	NA	34317	NA	NA	NA	3932	NA	NA	NA	3931	NA	NA	NA	NA	41944	NA	NA	71275	NA	NA	NA	35493	NA	NA	33090	2759
Eucalyptus_gunnii	NA	NA	NA	3933	NA	NA	NA	3932	NA	NA	NA	3931	NA	NA	NA	NA	41944	NA	NA	71275	NA	NA	NA	35493	NA	NA	33090	2759
Eucalyptus_marginata	NA	NA	NA	183836	NA	NA	NA	3932	NA	NA	NA	3931	NA	NA	NA	NA	41944	NA	NA	71275	NA	NA	NA	35493	NA	NA	33090	2759
Eucalyptus_nitens	NA	NA	NA	87674	NA	NA	NA	3932	NA	NA	NA	3931	NA	NA	NA	NA	41944	NA	NA	71275	NA	NA	NA	35493	NA	NA	33090	2759
Excoecaria_agallocha	NA	NA	NA	241838	NA	NA	NA	179681	NA	235893	235633	3977	NA	NA	NA	NA	3646	NA	NA	71275	NA	NA	NA	35493	NA	NA	33090	2759
Exormotheca_pustulosa	NA	NA	NA	179058	NA	NA	NA	179057	NA	NA	NA	179053	NA	NA	NA	NA	28908	NA	NA	186774	186770	NA	NA	35493	NA	NA	33090	2759
Fagopyrum_esculentum	NA	NA	NA	3617	NA	NA	NA	3616	NA	1110383	1110380	3615	NA	NA	NA	NA	3524	NA	NA	NA	NA	NA	NA	35493	NA	NA	33090	2759
Fagopyrum_tataricum	NA	NA	NA	62330	NA	NA	NA	3616	NA	1110383	1110380	3615	NA	NA	NA	NA	3524	NA	NA	NA	NA	NA	NA	35493	NA	NA	33090	2759
Fagus_grandifolia	NA	NA	NA	60423	NA	NA	NA	21024	NA	NA	NA	3503	NA	NA	NA	NA	3502	NA	NA	71275	NA	NA	NA	35493	NA	NA	33090	2759
Fagus_sylvatica	NA	NA	NA	28930	NA	NA	NA	21024	NA	NA	NA	3503	NA	NA	NA	NA	3502	NA	NA	71275	NA	NA	NA	35493	NA	NA	33090	2759
Faramea_occidentalis	NA	NA	NA	60050	NA	NA	NA	58420	NA	169650	169617	24966	NA	NA	NA	NA	4055	NA	NA	71274	NA	NA	NA	35493	NA	NA	33090	2759
Festuca_idahoensis	NA	NA	NA	98748	NA	NA	NA	4605	640630	147387	147368	4479	NA	NA	NA	NA	38820	NA	NA	4734	4447	NA	NA	35493	NA	NA	33090	2759
Festuca_ovina	NA	NA	NA	98750	NA	NA	NA	4605	640630	147387	147368	4479	NA	NA	NA	NA	38820	NA	NA	4734	4447	NA	NA	35493	NA	NA	33090	2759
Festuca_pratensis	NA	NA	NA	4608	NA	NA	NA	4605	640630	147387	147368	4479	NA	NA	NA	NA	38820	NA	NA	4734	4447	NA	NA	35493	NA	NA	33090	2759
Festuca_rubra	NA	NA	NA	52153	NA	NA	NA	4605	640630	147387	147368	4479	NA	NA	NA	NA	38820	NA	NA	4734	4447	NA	NA	35493	NA	NA	33090	2759
Festuca_rupicola	NA	NA	NA	208425	NA	NA	NA	4605	640630	147387	147368	4479	NA	NA	NA	NA	38820	NA	NA	4734	4447	NA	NA	35493	NA	NA	33090	2759
Folioceros_fuciformis	NA	NA	NA	263834	NA	NA	NA	263833	NA	NA	NA	13811	NA	NA	NA	NA	13810	NA	NA	405585	402688	NA	NA	35493	NA	NA	33090	2759
Folioceros_glandulosus	NA	NA	NA	1007325	NA	NA	NA	263833	NA	NA	NA	13811	NA	NA	NA	NA	13810	NA	NA	405585	402688	NA	NA	35493	NA	NA	33090	2759
Fossombronia_angulosa	NA	NA	NA	269538	NA	NA	NA	34160	NA	NA	NA	56885	NA	NA	NA	186790	186784	NA	NA	400717	186771	NA	NA	35493	NA	NA	33090	2759
Fragaria_vesca	NA	NA	NA	57918	NA	NA	NA	3746	1184124	721789	171638	3745	NA	NA	NA	NA	3744	NA	NA	71275	NA	NA	NA	35493	NA	NA	33090	2759
Fraxinus_excelsior	NA	NA	NA	38873	NA	NA	NA	38871	NA	426106	NA	4144	NA	NA	NA	NA	4143	NA	NA	71274	NA	NA	NA	35493	NA	NA	33090	2759
Galium_album	NA	NA	NA	29787	NA	NA	NA	25168	NA	169660	169617	24966	NA	NA	NA	NA	4055	NA	NA	71274	NA	NA	NA	35493	NA	NA	33090	2759
Galium_aparine	NA	NA	NA	29788	NA	NA	NA	25168	NA	169660	169617	24966	NA	NA	NA	NA	4055	NA	NA	71274	NA	NA	NA	35493	NA	NA	33090	2759
Gaultheria_procumbens	NA	NA	NA	157519	NA	NA	NA	13538	NA	217059	217037	4345	NA	NA	NA	NA	41945	NA	NA	71274	NA	NA	NA	35493	NA	NA	33090	2759
Gaultheria_shallon	NA	NA	NA	73102	NA	NA	NA	13538	NA	217059	217037	4345	NA	NA	NA	NA	41945	NA	NA	71274	NA	NA	NA	35493	NA	NA	33090	2759
Genista_cinerea	NA	NA	NA	49820	NA	NA	NA	49818	NA	163729	3814	3803	NA	NA	NA	NA	72025	NA	NA	71275	NA	NA	NA	35493	NA	NA	33090	2759
Geothallus_tuberosa	NA	NA	NA	56920	NA	NA	NA	56919	NA	NA	NA	37408	NA	NA	NA	NA	37407	NA	NA	186774	186770	NA	NA	35493	NA	NA	33090	2759
Geranium_pratense	NA	NA	NA	487788	NA	NA	NA	4028	NA	NA	NA	4027	NA	NA	NA	NA	41943	NA	NA	71275	NA	NA	NA	35493	NA	NA	33090	2759
Geum_rivale	NA	NA	NA	148897	NA	NA	NA	3761	NA	721790	171638	3745	NA	NA	NA	NA	3744	NA	NA	71275	NA	NA	NA	35493	NA	NA	33090	2759
Ginkgo_biloba	NA	NA	NA	3311	NA	NA	NA	3310	NA	NA	NA	3309	NA	NA	NA	NA	3308	NA	NA	NA	29811	NA	NA	35493	NA	NA	33090	2759
Glechoma_hederacea	NA	NA	NA	28509	NA	NA	NA	21766	NA	216718	216706	4136	NA	NA	NA	NA	4143	NA	NA	71274	NA	NA	NA	35493	NA	NA	33090	2759
Gleichenia_microphylla	NA	NA	NA	411640	NA	NA	NA	3273	NA	NA	NA	3272	NA	NA	NA	NA	693761	NA	NA	NA	3290	NA	NA	35493	NA	NA	33090	2759
Gliricidia_sepium	NA	NA	NA	167663	NA	NA	NA	167660	NA	163738	3814	3803	NA	NA	NA	NA	72025	NA	NA	71275	NA	NA	NA	35493	NA	NA	33090	2759
Glycine_max	NA	NA	NA	3847	NA	NA	NA	3846	NA	163735	3814	3803	NA	NA	NA	NA	72025	NA	NA	71275	NA	NA	NA	35493	NA	NA	33090	2759
Gnetum_gnemon	NA	NA	NA	3382	NA	NA	NA	3380	NA	NA	NA	3379	NA	NA	NA	NA	3378	NA	NA	NA	3372	NA	NA	35493	NA	NA	33090	2759
Goodyera_foliosa	NA	NA	NA	798529	NA	NA	NA	78779	158360	158350	158331	4747	NA	NA	NA	NA	73496	NA	NA	NA	4447	NA	NA	35493	NA	NA	33090	2759
Goodyera_maximowicziana	NA	NA	NA	164260	NA	NA	NA	78779	158360	158350	158331	4747	NA	NA	NA	NA	73496	NA	NA	NA	4447	NA	NA	35493	NA	NA	33090	2759
Goodyera_oblongifolia	NA	NA	NA	798534	NA	NA	NA	78779	158360	158350	158331	4747	NA	NA	NA	NA	73496	NA	NA	NA	4447	NA	NA	35493	NA	NA	33090	2759
Goodyera_procera	NA	NA	NA	798536	NA	NA	NA	78779	158360	158350	158331	4747	NA	NA	NA	NA	73496	NA	NA	NA	4447	NA	NA	35493	NA	NA	33090	2759
Goodyera_pubescens	NA	NA	NA	78780	NA	NA	NA	78779	158360	158350	158331	4747	NA	NA	NA	NA	73496	NA	NA	NA	4447	NA	NA	35493	NA	NA	33090	2759
Goodyera_repens	NA	NA	NA	164261	NA	NA	NA	78779	158360	158350	158331	4747	NA	NA	NA	NA	73496	NA	NA	NA	4447	NA	NA	35493	NA	NA	33090	2759
Goodyera_schlechtendaliana	NA	NA	NA	164262	NA	NA	NA	78779	158360	158350	158331	4747	NA	NA	NA	NA	73496	NA	NA	NA	4447	NA	NA	35493	NA	NA	33090	2759
Goodyera_velutina	NA	NA	NA	164263	NA	NA	NA	78779	158360	158350	158331	4747	NA	NA	NA	NA	73496	NA	NA	NA	4447	NA	NA	35493	NA	NA	33090	2759
Guapira_discolor	NA	NA	NA	427803	NA	NA	NA	427802	NA	NA	NA	3536	NA	NA	NA	NA	3524	NA	NA	NA	NA	NA	NA	35493	NA	NA	33090	2759
Guapira_fragrans	NA	NA	NA	1241585	NA	NA	NA	427802	NA	NA	NA	3536	NA	NA	NA	NA	3524	NA	NA	NA	NA	NA	NA	35493	NA	NA	33090	2759
Guarea_pterorhachis	NA	NA	NA	485820	NA	NA	NA	43908	NA	NA	NA	43707	NA	NA	NA	NA	41937	NA	NA	71275	NA	NA	NA	35493	NA	NA	33090	2759
Gymnadenia_conopsea	NA	NA	NA	59324	NA	NA	NA	59323	158366	158345	158331	4747	NA	NA	NA	NA	73496	NA	NA	NA	4447	NA	NA	35493	NA	NA	33090	2759
Gynostemma_pentaphyllum	NA	NA	NA	182084	NA	NA	NA	182083	NA	1003864	NA	3650	NA	NA	NA	NA	71239	NA	NA	71275	NA	NA	NA	35493	NA	NA	33090	2759
Tabebuia_ochracea	NA	NA	NA	429707	NA	NA	NA	39256	NA	NA	NA	24079	NA	NA	NA	NA	4143	NA	NA	71274	NA	NA	NA	35493	NA	NA	33090	2759
Haplomitrium_blumei	NA	NA	NA	258993	NA	NA	NA	37405	NA	NA	NA	37404	NA	NA	NA	NA	186788	NA	NA	978085	402711	NA	NA	35493	NA	NA	33090	2759
Haplomitrium_chilensis	NA	NA	NA	258992	NA	NA	NA	37405	NA	NA	NA	37404	NA	NA	NA	NA	186788	NA	NA	978085	402711	NA	NA	35493	NA	NA	33090	2759
Haplomitrium_gibbsiae	NA	NA	NA	139938	NA	NA	NA	37405	NA	NA	NA	37404	NA	NA	NA	NA	186788	NA	NA	978085	402711	NA	NA	35493	NA	NA	33090	2759
Haplomitrium_hookeri	NA	NA	NA	37406	NA	NA	NA	37405	NA	NA	NA	37404	NA	NA	NA	NA	186788	NA	NA	978085	402711	NA	NA	35493	NA	NA	33090	2759
Hedera_rhombea	NA	NA	NA	85360	NA	NA	NA	4051	NA	NA	NA	4050	NA	NA	NA	364270	4036	NA	NA	71274	NA	NA	NA	35493	NA	NA	33090	2759
Hedyosmum_goudotianum	NA	NA	NA	226676	NA	NA	NA	13558	NA	NA	NA	16737	NA	NA	NA	NA	261008	NA	NA	NA	NA	NA	NA	35493	NA	NA	33090	2759
Helianthemum_squamatum	NA	NA	NA	335158	NA	NA	NA	69453	NA	NA	NA	69450	NA	NA	NA	NA	41938	NA	NA	71275	NA	NA	NA	35493	NA	NA	33090	2759
Helianthus_annuus	NA	NA	NA	4232	NA	NA	NA	4231	NA	102814	102804	4210	NA	NA	NA	NA	4209	NA	NA	71274	NA	NA	NA	35493	NA	NA	33090	2759
Helichrysum_stoechas	NA	NA	NA	261805	NA	NA	NA	59430	NA	102808	102804	4210	NA	NA	NA	NA	4209	NA	NA	71274	NA	NA	NA	35493	NA	NA	33090	2759
Heteropogon_contortus	NA	NA	NA	79849	NA	NA	NA	79848	NA	147429	147369	4479	NA	NA	NA	NA	38820	NA	NA	4734	4447	NA	NA	35493	NA	NA	33090	2759
Heterotheca_villosa	NA	NA	NA	72941	NA	NA	NA	71056	NA	102809	102804	4210	NA	NA	NA	NA	4209	NA	NA	71274	NA	NA	NA	35493	NA	NA	33090	2759
Hexalectris_revoluta	NA	NA	NA	142981	NA	NA	NA	142980	158399	158389	158332	4747	NA	NA	NA	NA	73496	NA	NA	NA	4447	NA	NA	35493	NA	NA	33090	2759
Hieronyma_oblonga	NA	NA	NA	300996	NA	NA	NA	300995	NA	235597	NA	233880	NA	NA	NA	NA	3646	NA	NA	71275	NA	NA	NA	35493	NA	NA	33090	2759
Holcus_lanatus	NA	NA	NA	29679	NA	NA	NA	15560	640861	147387	147368	4479	NA	NA	NA	NA	38820	NA	NA	4734	4447	NA	NA	35493	NA	NA	33090	2759
Hopea_odorata	NA	NA	NA	64598	NA	NA	NA	64596	NA	NA	65009	40588	NA	NA	NA	NA	41938	NA	NA	71275	NA	NA	NA	35493	NA	NA	33090	2759
Hordeum_vulgare	NA	NA	NA	4513	NA	NA	NA	4512	NA	147389	147368	4479	NA	NA	NA	NA	38820	NA	NA	4734	4447	NA	NA	35493	NA	NA	33090	2759
Huperzia_appressa	NA	NA	NA	380485	NA	NA	NA	37428	NA	NA	NA	3250	NA	NA	NA	NA	3249	NA	NA	NA	3248	NA	NA	35493	NA	NA	33090	2759
Huperzia_lucidula	NA	NA	NA	37429	NA	NA	NA	37428	NA	NA	NA	3250	NA	NA	NA	NA	3249	NA	NA	NA	3248	NA	NA	35493	NA	NA	33090	2759
Hyacinthoides_non-scripta	NA	NA	NA	81762	NA	NA	NA	81757	NA	1068921	703547	44985	NA	NA	NA	NA	73496	NA	NA	NA	4447	NA	NA	35493	NA	NA	33090	2759
Hymenostegia_ngounyensis	NA	NA	NA	162804	NA	NA	NA	121097	NA	163093	3804	3803	NA	NA	NA	NA	72025	NA	NA	71275	NA	NA	NA	35493	NA	NA	33090	2759
Hypericum_maculatum	NA	NA	NA	269006	NA	NA	NA	55962	NA	999641	NA	629714	NA	NA	NA	NA	3646	NA	NA	71275	NA	NA	NA	35493	NA	NA	33090	2759
Hypochaeris_radicata	NA	NA	NA	58656	NA	NA	NA	58643	745069	219121	219120	4210	NA	NA	NA	NA	4209	NA	NA	71274	NA	NA	NA	35493	NA	NA	33090	2759
Inga_acreana	NA	NA	NA	485823	NA	NA	NA	162809	NA	163486	3807	3803	NA	NA	NA	NA	72025	NA	NA	71275	NA	NA	NA	35493	NA	NA	33090	2759
Inga_edulis	NA	NA	NA	199163	NA	NA	NA	162809	NA	163486	3807	3803	NA	NA	NA	NA	72025	NA	NA	71275	NA	NA	NA	35493	NA	NA	33090	2759
Intsia_bijuga	NA	NA	NA	162812	NA	NA	NA	162811	NA	163093	3804	3803	NA	NA	NA	NA	72025	NA	NA	71275	NA	NA	NA	35493	NA	NA	33090	2759
Inula_conyza	NA	NA	NA	119177	NA	NA	NA	41589	911294	102806	102804	4210	NA	NA	NA	NA	4209	NA	NA	71274	NA	NA	NA	35493	NA	NA	33090	2759
Ionopsis_utricularioides	NA	NA	NA	154687	NA	NA	NA	154684	158418	158394	158332	4747	NA	NA	NA	NA	73496	NA	NA	NA	4447	NA	NA	35493	NA	NA	33090	2759
Ipomoea_pes-caprae	NA	NA	NA	89656	NA	NA	NA	4119	NA	267213	NA	4118	NA	NA	NA	NA	4069	NA	NA	71274	NA	NA	NA	35493	NA	NA	33090	2759
Isoetes_echinospora	NA	NA	NA	38494	NA	NA	NA	13838	NA	NA	NA	13837	NA	NA	NA	NA	13836	NA	NA	NA	3243	NA	NA	35493	NA	NA	33090	2759
Isoetes_lacustris	NA	NA	NA	50271	NA	NA	NA	13838	NA	NA	NA	13837	NA	NA	NA	NA	13836	NA	NA	NA	3243	NA	NA	35493	NA	NA	33090	2759
Isopaches_bicrenatus	NA	NA	NA	248330	NA	NA	NA	248329	NA	NA	NA	1131839	NA	NA	NA	71154	3199	NA	NA	186782	186771	NA	NA	35493	NA	NA	33090	2759
Jacobaea_vulgaris	NA	NA	NA	98722	NA	NA	NA	405757	795077	102812	102804	4210	NA	NA	NA	NA	4209	NA	NA	71274	NA	NA	NA	35493	NA	NA	33090	2759
Japonolirion_osense	NA	NA	NA	112799	NA	NA	NA	112798	NA	NA	NA	114079	NA	NA	NA	NA	629767	NA	NA	NA	4447	NA	NA	35493	NA	NA	33090	2759
Jensenia_connivens	NA	NA	NA	139853	NA	NA	NA	242111	NA	NA	NA	71399	NA	NA	NA	186795	402723	NA	NA	400717	186771	NA	NA	35493	NA	NA	33090	2759
Juglans_regia	NA	NA	NA	51240	NA	NA	NA	16718	NA	NA	NA	16714	NA	NA	NA	NA	3502	NA	NA	71275	NA	NA	NA	35493	NA	NA	33090	2759
Juncus_bulbosus	NA	NA	NA	223657	NA	NA	NA	13578	NA	NA	NA	14101	NA	NA	NA	NA	38820	NA	NA	4734	4447	NA	NA	35493	NA	NA	33090	2759
Kandelia_candel	NA	NA	NA	61147	NA	NA	NA	61137	NA	NA	NA	40029	NA	NA	NA	NA	3646	NA	NA	71275	NA	NA	NA	35493	NA	NA	33090	2759
Keteleeria_davidiana	NA	NA	NA	3324	NA	NA	NA	3323	NA	NA	NA	3318	NA	NA	NA	NA	3313	NA	NA	NA	58019	NA	NA	35493	NA	NA	33090	2759
Knautia_arvensis	NA	NA	NA	105271	NA	NA	NA	59182	NA	NA	NA	4200	NA	NA	NA	NA	4199	NA	NA	71274	NA	NA	NA	35493	NA	NA	33090	2759
Kobresia_myosuroides	NA	NA	NA	140873	NA	NA	NA	46330	NA	986155	986140	4609	NA	NA	NA	NA	38820	NA	NA	4734	4447	NA	NA	35493	NA	NA	33090	2759
Kummerowia_striata	NA	NA	NA	466223	NA	NA	NA	53890	NA	163726	3814	3803	NA	NA	NA	NA	72025	NA	NA	71275	NA	NA	NA	35493	NA	NA	33090	2759
Larix_decidua	NA	NA	NA	71402	NA	NA	NA	3325	NA	NA	NA	3318	NA	NA	NA	NA	3313	NA	NA	NA	58019	NA	NA	35493	NA	NA	33090	2759
Larix_gmelinii	NA	NA	NA	123599	NA	NA	NA	3325	NA	NA	NA	3318	NA	NA	NA	NA	3313	NA	NA	NA	58019	NA	NA	35493	NA	NA	33090	2759
Larix_kaempferi	NA	NA	NA	54800	NA	NA	NA	3325	NA	NA	NA	3318	NA	NA	NA	NA	3313	NA	NA	NA	58019	NA	NA	35493	NA	NA	33090	2759
Lavandula_latifolia	NA	NA	NA	39331	NA	NA	NA	39169	NA	216722	216706	4136	NA	NA	NA	NA	4143	NA	NA	71274	NA	NA	NA	35493	NA	NA	33090	2759
Leiosporoceros_dussii	NA	NA	NA	263836	NA	NA	NA	263835	NA	NA	NA	402686	NA	NA	NA	NA	402685	NA	NA	NA	402684	NA	NA	35493	NA	NA	33090	2759
Leontodon_hispidus	NA	NA	NA	58660	NA	NA	NA	58659	745069	219121	219120	4210	NA	NA	NA	NA	4209	NA	NA	71274	NA	NA	NA	35493	NA	NA	33090	2759
Lepidozia_reptans	NA	NA	NA	56927	NA	NA	NA	56926	NA	NA	NA	13806	NA	NA	NA	3204	3199	NA	NA	186782	186771	NA	NA	35493	NA	NA	33090	2759
Leymus_mollis	NA	NA	NA	183794	NA	NA	NA	52713	NA	147389	147368	4479	NA	NA	NA	NA	38820	NA	NA	4734	4447	NA	NA	35493	NA	NA	33090	2759
Ligularia_virgaurea	NA	NA	NA	186957	NA	NA	NA	4239	795080	102812	102804	4210	NA	NA	NA	NA	4209	NA	NA	71274	NA	NA	NA	35493	NA	NA	33090	2759
Ligustrum_vulgare	NA	NA	NA	13597	NA	NA	NA	13596	NA	426106	NA	4144	NA	NA	NA	NA	4143	NA	NA	71274	NA	NA	NA	35493	NA	NA	33090	2759
Limodorum_abortivum	NA	NA	NA	242627	NA	NA	NA	242626	NA	158338	158332	4747	NA	NA	NA	NA	73496	NA	NA	NA	4447	NA	NA	35493	NA	NA	33090	2759
Linnaea_borealis	NA	NA	NA	77623	NA	NA	NA	77622	NA	NA	NA	4200	NA	NA	NA	NA	4199	NA	NA	71274	NA	NA	NA	35493	NA	NA	33090	2759
Liparis_kumokiri	NA	NA	NA	327329	NA	NA	NA	78793	NA	158393	158332	4747	NA	NA	NA	NA	73496	NA	NA	NA	4447	NA	NA	35493	NA	NA	33090	2759
Liparis_liliifolia	NA	NA	NA	78794	NA	NA	NA	78793	NA	158393	158332	4747	NA	NA	NA	NA	73496	NA	NA	NA	4447	NA	NA	35493	NA	NA	33090	2759
Liparis_loeselii	NA	NA	NA	226209	NA	NA	NA	78793	NA	158393	158332	4747	NA	NA	NA	NA	73496	NA	NA	NA	4447	NA	NA	35493	NA	NA	33090	2759
Listera_cordata	NA	NA	NA	669720	NA	NA	NA	14605	NA	158338	158332	4747	NA	NA	NA	NA	73496	NA	NA	NA	4447	NA	NA	35493	NA	NA	33090	2759
Listera_ovata	NA	NA	NA	29712	NA	NA	NA	14605	NA	158338	158332	4747	NA	NA	NA	NA	73496	NA	NA	NA	4447	NA	NA	35493	NA	NA	33090	2759
Litsea_cubeba	NA	NA	NA	155299	NA	NA	NA	22042	NA	NA	NA	3433	NA	NA	NA	NA	3432	NA	NA	NA	NA	NA	NA	35493	NA	NA	33090	2759
Littorella_uniflora	NA	NA	NA	223169	NA	NA	NA	223166	NA	216794	NA	156152	NA	NA	NA	NA	4143	NA	NA	71274	NA	NA	NA	35493	NA	NA	33090	2759
Lobatiriccardia_lobata	NA	NA	NA	269546	NA	NA	NA	295412	NA	NA	NA	39024	NA	NA	NA	NA	34158	NA	NA	186781	186771	NA	NA	35493	NA	NA	33090	2759
Lobelia_dortmanna	NA	NA	NA	368684	NA	NA	NA	4382	NA	NA	NA	4381	NA	NA	NA	NA	4209	NA	NA	71274	NA	NA	NA	35493	NA	NA	33090	2759
Lolium_multiflorum	NA	NA	NA	4521	NA	NA	NA	4520	640630	147387	147368	4479	NA	NA	NA	NA	38820	NA	NA	4734	4447	NA	NA	35493	NA	NA	33090	2759
Lolium_perenne	NA	NA	NA	4522	NA	NA	NA	4520	640630	147387	147368	4479	NA	NA	NA	NA	38820	NA	NA	4734	4447	NA	NA	35493	NA	NA	33090	2759
Lophozia_ventricosa	NA	NA	NA	255955	NA	NA	NA	209799	NA	NA	NA	41845	NA	NA	NA	71154	3199	NA	NA	186782	186771	NA	NA	35493	NA	NA	33090	2759
Nothofagus_cunninghamii	NA	NA	NA	28938	NA	NA	NA	26779	NA	NA	NA	26778	NA	NA	NA	NA	3502	NA	NA	71275	NA	NA	NA	35493	NA	NA	33090	2759
Nothofagus_menziesii	NA	NA	NA	28945	NA	NA	NA	26779	NA	NA	NA	26778	NA	NA	NA	NA	3502	NA	NA	71275	NA	NA	NA	35493	NA	NA	33090	2759
Lotus_corniculatus	NA	NA	NA	47247	NA	NA	NA	3867	NA	163747	3814	3803	NA	NA	NA	NA	72025	NA	NA	71275	NA	NA	NA	35493	NA	NA	33090	2759
Lotus_jacobaeus	NA	NA	NA	243138	NA	NA	NA	3867	NA	163747	3814	3803	NA	NA	NA	NA	72025	NA	NA	71275	NA	NA	NA	35493	NA	NA	33090	2759
Lotus_japonicus	NA	NA	NA	34305	NA	NA	NA	3867	NA	163747	3814	3803	NA	NA	NA	NA	72025	NA	NA	71275	NA	NA	NA	35493	NA	NA	33090	2759
Luehea_seemannii	NA	NA	NA	45194	NA	NA	NA	45193	NA	NA	214908	3629	NA	NA	NA	NA	41938	NA	NA	71275	NA	NA	NA	35493	NA	NA	33090	2759
Lupinus_latifolius	NA	NA	NA	53229	NA	NA	NA	3869	NA	163729	3814	3803	NA	NA	NA	NA	72025	NA	NA	71275	NA	NA	NA	35493	NA	NA	33090	2759
Luronium_natans	NA	NA	NA	55479	NA	NA	NA	55478	NA	NA	NA	4449	NA	NA	NA	NA	16360	NA	NA	NA	4447	NA	NA	35493	NA	NA	33090	2759
Lycium_barbarum	NA	NA	NA	112863	NA	NA	NA	24646	NA	424569	424551	4070	NA	NA	NA	NA	4069	NA	NA	71274	NA	NA	NA	35493	NA	NA	33090	2759
Lycopodiella_inundata	NA	NA	NA	37431	NA	NA	NA	42213	NA	NA	NA	3250	NA	NA	NA	NA	3249	NA	NA	NA	3248	NA	NA	35493	NA	NA	33090	2759
Lycopodiella_lateralis	NA	NA	NA	73623	NA	NA	NA	42213	NA	NA	NA	3250	NA	NA	NA	NA	3249	NA	NA	NA	3248	NA	NA	35493	NA	NA	33090	2759
Lycopodium_annotinum	NA	NA	NA	13840	NA	NA	NA	3251	NA	NA	NA	3250	NA	NA	NA	NA	3249	NA	NA	NA	3248	NA	NA	35493	NA	NA	33090	2759
Lycopodium_clavatum	NA	NA	NA	3252	NA	NA	NA	3251	NA	NA	NA	3250	NA	NA	NA	NA	3249	NA	NA	NA	3248	NA	NA	35493	NA	NA	33090	2759
Lycopodium_fastigiatum	NA	NA	NA	73628	NA	NA	NA	3251	NA	NA	NA	3250	NA	NA	NA	NA	3249	NA	NA	NA	3248	NA	NA	35493	NA	NA	33090	2759
Lycopodium_volubile	NA	NA	NA	73631	NA	NA	NA	3251	NA	NA	NA	3250	NA	NA	NA	NA	3249	NA	NA	NA	3248	NA	NA	35493	NA	NA	33090	2759
Maianthemum_bifolium	NA	NA	NA	191662	NA	NA	NA	16150	NA	NA	703537	40552	NA	NA	NA	NA	73496	NA	NA	NA	4447	NA	NA	35493	NA	NA	33090	2759
Maianthemum_racemosum	NA	NA	NA	39530	NA	NA	NA	16150	NA	NA	703537	40552	NA	NA	NA	NA	73496	NA	NA	NA	4447	NA	NA	35493	NA	NA	33090	2759
Malus_hupehensis	NA	NA	NA	106556	NA	NA	NA	3749	NA	721813	171637	3745	NA	NA	NA	NA	3744	NA	NA	71275	NA	NA	NA	35493	NA	NA	33090	2759
Malus_micromalus	NA	NA	NA	147045	NA	NA	NA	3749	NA	721813	171637	3745	NA	NA	NA	NA	3744	NA	NA	71275	NA	NA	NA	35493	NA	NA	33090	2759
Malus_sieboldii	NA	NA	NA	106566	NA	NA	NA	3749	NA	721813	171637	3745	NA	NA	NA	NA	3744	NA	NA	71275	NA	NA	NA	35493	NA	NA	33090	2759
Mangifera_indica	NA	NA	NA	29780	NA	NA	NA	23461	NA	NA	NA	4011	NA	NA	NA	NA	41937	NA	NA	71275	NA	NA	NA	35493	NA	NA	33090	2759
Mannia_androgyna	NA	NA	NA	349375	NA	NA	NA	157221	NA	NA	NA	37393	NA	NA	NA	NA	28908	NA	NA	186774	186770	NA	NA	35493	NA	NA	33090	2759
Mannia_fragrans	NA	NA	NA	179045	NA	NA	NA	157221	NA	NA	NA	37393	NA	NA	NA	NA	28908	NA	NA	186774	186770	NA	NA	35493	NA	NA	33090	2759
Marchantia_paleacea	NA	NA	NA	56867	NA	NA	NA	3196	NA	NA	NA	29585	NA	NA	NA	NA	28908	NA	NA	186774	186770	NA	NA	35493	NA	NA	33090	2759
Marsilea_crenata	NA	NA	NA	388472	NA	NA	NA	13815	NA	NA	NA	13814	NA	NA	NA	NA	74353	NA	NA	NA	3290	NA	NA	35493	NA	NA	33090	2759
Medicago_murex	NA	NA	NA	75627	NA	NA	NA	3877	NA	163742	3814	3803	NA	NA	NA	NA	72025	NA	NA	71275	NA	NA	NA	35493	NA	NA	33090	2759
Medicago_polymorpha	NA	NA	NA	47084	NA	NA	NA	3877	NA	163742	3814	3803	NA	NA	NA	NA	72025	NA	NA	71275	NA	NA	NA	35493	NA	NA	33090	2759
Medicago_truncatula	NA	NA	NA	3880	NA	NA	NA	3877	NA	163742	3814	3803	NA	NA	NA	NA	72025	NA	NA	71275	NA	NA	NA	35493	NA	NA	33090	2759
Megaceros_flagellaris	NA	NA	NA	263821	NA	NA	NA	13812	NA	NA	405588	400690	NA	NA	NA	NA	400689	NA	NA	405587	402688	NA	NA	35493	NA	NA	33090	2759
Megaceros_leptohymenius	NA	NA	NA	1007902	NA	NA	NA	13812	NA	NA	405588	400690	NA	NA	NA	NA	400689	NA	NA	405587	402688	NA	NA	35493	NA	NA	33090	2759
Megaceros_pellucidus	NA	NA	NA	263824	NA	NA	NA	13812	NA	NA	405588	400690	NA	NA	NA	NA	400689	NA	NA	405587	402688	NA	NA	35493	NA	NA	33090	2759
Megathyrsus_maximus	NA	NA	NA	59788	NA	NA	NA	649763	NA	147428	147369	4479	NA	NA	NA	NA	38820	NA	NA	4734	4447	NA	NA	35493	NA	NA	33090	2759
Melilotus_albus	NA	NA	NA	47082	NA	NA	NA	47081	NA	163742	3814	3803	NA	NA	NA	NA	72025	NA	NA	71275	NA	NA	NA	35493	NA	NA	33090	2759
Melinis_repens	NA	NA	NA	29709	NA	NA	NA	158114	NA	147428	147369	4479	NA	NA	NA	NA	38820	NA	NA	4734	4447	NA	NA	35493	NA	NA	33090	2759
Mercurialis_perennis	NA	NA	NA	3985	NA	NA	NA	3984	NA	235880	235629	3977	NA	NA	NA	NA	3646	NA	NA	71275	NA	NA	NA	35493	NA	NA	33090	2759
Metzgeria_conjugata	NA	NA	NA	65052	NA	NA	NA	37398	NA	NA	NA	37397	NA	NA	NA	NA	34158	NA	NA	186781	186771	NA	NA	35493	NA	NA	33090	2759
Metzgeria_decipiens	NA	NA	NA	402637	NA	NA	NA	37398	NA	NA	NA	37397	NA	NA	NA	NA	34158	NA	NA	186781	186771	NA	NA	35493	NA	NA	33090	2759
Metzgeria_furcata	NA	NA	NA	37399	NA	NA	NA	37398	NA	NA	NA	37397	NA	NA	NA	NA	34158	NA	NA	186781	186771	NA	NA	35493	NA	NA	33090	2759
Metzgeria_pubescens	NA	NA	NA	357979	NA	NA	280803	37398	NA	NA	NA	37397	NA	NA	NA	NA	34158	NA	NA	186781	186771	NA	NA	35493	NA	NA	33090	2759
Metzgeria_temperata	NA	NA	NA	253517	NA	NA	NA	37398	NA	NA	NA	37397	NA	NA	NA	NA	34158	NA	NA	186781	186771	NA	NA	35493	NA	NA	33090	2759
Miscanthus_sinensis	NA	NA	NA	62337	NA	NA	NA	62336	NA	147429	147369	4479	NA	NA	NA	NA	38820	NA	NA	4734	4447	NA	NA	35493	NA	NA	33090	2759
Monoclea_gottschei	NA	NA	NA	56937	NA	NA	NA	56936	NA	NA	NA	56883	NA	NA	NA	NA	28908	NA	NA	186774	186770	NA	NA	35493	NA	NA	33090	2759
Monosolenium_tenerum	NA	NA	NA	179056	NA	NA	NA	179055	NA	NA	NA	179054	NA	NA	NA	NA	28908	NA	NA	186774	186770	NA	NA	35493	NA	NA	33090	2759
Montinia_caryophyllacea	NA	NA	NA	23084	NA	NA	NA	23083	NA	NA	NA	91902	NA	NA	NA	NA	4069	NA	NA	71274	NA	NA	NA	35493	NA	NA	33090	2759
Moringa_drouhardii	NA	NA	NA	161027	NA	NA	NA	3734	NA	NA	NA	3733	NA	NA	NA	NA	3699	NA	NA	71275	NA	NA	NA	35493	NA	NA	33090	2759
Moringa_hildebrandtii	NA	NA	NA	161028	NA	NA	NA	3734	NA	NA	NA	3733	NA	NA	NA	NA	3699	NA	NA	71275	NA	NA	NA	35493	NA	NA	33090	2759
Moringa_oleifera	NA	NA	NA	3735	NA	NA	NA	3734	NA	NA	NA	3733	NA	NA	NA	NA	3699	NA	NA	71275	NA	NA	NA	35493	NA	NA	33090	2759
Musa_acuminata	NA	NA	NA	4641	NA	NA	NA	4640	NA	NA	NA	4637	NA	NA	NA	NA	4618	NA	NA	4734	4447	NA	NA	35493	NA	NA	33090	2759
Nardia_compressa	NA	NA	NA	209804	NA	NA	NA	209803	NA	NA	NA	984551	NA	NA	NA	3200	3199	NA	NA	186782	186771	NA	NA	35493	NA	NA	33090	2759
Nardia_geoscyphus	NA	NA	NA	463577	NA	NA	NA	209803	NA	NA	NA	984551	NA	NA	NA	3200	3199	NA	NA	186782	186771	NA	NA	35493	NA	NA	33090	2759
Nardia_scalaris	NA	NA	NA	280838	NA	NA	NA	209803	NA	NA	NA	984551	NA	NA	NA	3200	3199	NA	NA	186782	186771	NA	NA	35493	NA	NA	33090	2759
Neohodgsonia_mirabilis	NA	NA	NA	179065	NA	NA	NA	179064	NA	NA	NA	981395	NA	NA	NA	NA	981393	NA	NA	186774	186770	NA	NA	35493	NA	NA	33090	2759
Neoorthocaulis_floerkei	NA	NA	NA	209806	NA	NA	NA	984971	NA	NA	NA	1131839	NA	NA	NA	71154	3199	NA	NA	186782	186771	NA	NA	35493	NA	NA	33090	2759
Neottia_nidus-avis	NA	NA	NA	48534	NA	NA	NA	48533	NA	158338	158332	4747	NA	NA	NA	NA	73496	NA	NA	NA	4447	NA	NA	35493	NA	NA	33090	2759
Nephrolepis_hirsutula	NA	NA	NA	32154	NA	NA	NA	32152	NA	NA	NA	32137	NA	NA	NA	NA	3268	NA	NA	NA	3290	NA	NA	35493	NA	NA	33090	2759
Nervilia_nipponica	NA	NA	NA	1127264	NA	NA	NA	78815	NA	158339	158332	4747	NA	NA	NA	NA	73496	NA	NA	NA	4447	NA	NA	35493	NA	NA	33090	2759
Neuwiedia_veratrifolia	NA	NA	NA	38223	NA	NA	NA	38222	NA	NA	NA	4747	NA	NA	NA	NA	73496	NA	NA	NA	4447	NA	NA	35493	NA	NA	33090	2759
Noccaea_caerulescens	NA	NA	NA	107243	NA	NA	NA	290573	NA	981105	NA	3700	NA	NA	NA	NA	3699	NA	NA	71275	NA	NA	NA	35493	NA	NA	33090	2759
Nothoceros_giganteus	NA	NA	NA	263828	NA	NA	NA	319703	NA	NA	405588	400690	NA	NA	NA	NA	400689	NA	NA	405587	402688	NA	NA	35493	NA	NA	33090	2759
Nothoceros_vincentianus	NA	NA	NA	56934	NA	NA	NA	319703	NA	NA	405588	400690	NA	NA	NA	NA	400689	NA	NA	405587	402688	NA	NA	35493	NA	NA	33090	2759
Notothylas_javanica	NA	NA	NA	400702	NA	NA	NA	81809	NA	NA	NA	400692	NA	NA	NA	NA	400691	NA	NA	405586	402688	NA	NA	35493	NA	NA	33090	2759
Notothylas_orbicularis	NA	NA	NA	93617	NA	NA	NA	81809	NA	NA	NA	400692	NA	NA	NA	NA	400691	NA	NA	405586	402688	NA	NA	35493	NA	NA	33090	2759
Nyholmiella_obtusifolia	NA	NA	NA	61564	NA	NA	NA	700989	NA	NA	NA	52989	NA	NA	NA	NA	64937	404297	NA	114658	3214	NA	NA	35493	NA	NA	33090	2759
Nymphaea_alba	NA	NA	NA	34301	NA	NA	NA	4418	NA	NA	NA	4410	NA	NA	NA	NA	261007	NA	NA	NA	NA	NA	NA	35493	NA	NA	33090	2759
Odontoschisma_denudatum	NA	NA	NA	280636	NA	NA	NA	255938	NA	NA	NA	70210	NA	NA	NA	71154	3199	NA	NA	186782	186771	NA	NA	35493	NA	NA	33090	2759
Olea_europaea	NA	NA	NA	4146	NA	NA	NA	4145	NA	426106	NA	4144	NA	NA	NA	NA	4143	NA	NA	71274	NA	NA	NA	35493	NA	NA	33090	2759
Piptatherum_miliaceum	NA	NA	NA	52158	NA	NA	NA	52157	NA	147383	147368	4479	NA	NA	NA	NA	38820	NA	NA	4734	4447	NA	NA	35493	NA	NA	33090	2759
Ononis_repens	NA	NA	NA	264192	NA	NA	NA	58889	NA	163742	3814	3803	NA	NA	NA	NA	72025	NA	NA	71275	NA	NA	NA	35493	NA	NA	33090	2759
Ophioglossum_costatum	NA	NA	NA	208702	NA	NA	NA	13833	NA	NA	NA	13828	NA	NA	NA	NA	13827	NA	NA	NA	13826	NA	NA	35493	NA	NA	33090	2759
Ophioglossum_vulgatum	NA	NA	NA	49227	NA	NA	NA	13833	NA	NA	NA	13828	NA	NA	NA	NA	13827	NA	NA	NA	13826	NA	NA	35493	NA	NA	33090	2759
Ophrys_fuciflora	NA	NA	NA	145941	NA	NA	NA	59329	158366	158345	158331	4747	NA	NA	NA	NA	73496	NA	NA	NA	4447	NA	NA	35493	NA	NA	33090	2759
Ophrys_insectifera	NA	NA	NA	145946	NA	NA	NA	59329	158366	158345	158331	4747	NA	NA	NA	NA	73496	NA	NA	NA	4447	NA	NA	35493	NA	NA	33090	2759
Orchis_anthropophora	NA	NA	NA	59314	NA	NA	NA	59331	158366	158345	158331	4747	NA	NA	NA	NA	73496	NA	NA	NA	4447	NA	NA	35493	NA	NA	33090	2759
Orchis_mascula	NA	NA	NA	59338	NA	NA	NA	59331	158366	158345	158331	4747	NA	NA	NA	NA	73496	NA	NA	NA	4447	NA	NA	35493	NA	NA	33090	2759
Orchis_militaris	NA	NA	NA	59339	NA	NA	NA	59331	158366	158345	158331	4747	NA	NA	NA	NA	73496	NA	NA	NA	4447	NA	NA	35493	NA	NA	33090	2759
Orchis_purpurea	NA	NA	NA	59346	NA	NA	NA	59331	158366	158345	158331	4747	NA	NA	NA	NA	73496	NA	NA	NA	4447	NA	NA	35493	NA	NA	33090	2759
Orchis_simia	NA	NA	NA	59348	NA	NA	NA	59331	158366	158345	158331	4747	NA	NA	NA	NA	73496	NA	NA	NA	4447	NA	NA	35493	NA	NA	33090	2759
Origanum_vulgare	NA	NA	NA	39352	NA	NA	NA	39174	NA	216718	216706	4136	NA	NA	NA	NA	4143	NA	NA	71274	NA	NA	NA	35493	NA	NA	33090	2759
Orixa_japonica	NA	NA	NA	354507	NA	NA	NA	354506	NA	NA	NA	23513	NA	NA	NA	NA	41937	NA	NA	71275	NA	NA	NA	35493	NA	NA	33090	2759
Orthilia_secunda	NA	NA	NA	93819	NA	NA	NA	93818	NA	217038	217032	4345	NA	NA	NA	NA	41945	NA	NA	71274	NA	NA	NA	35493	NA	NA	33090	2759
Orthocaulis_attenuatus	NA	NA	NA	248339	NA	NA	NA	209805	NA	NA	NA	1131839	NA	NA	NA	71154	3199	NA	NA	186782	186771	NA	NA	35493	NA	NA	33090	2759
Oryza_sativa	NA	NA	NA	4530	NA	NA	NA	4527	NA	147380	147367	4479	NA	NA	NA	NA	38820	NA	NA	4734	4447	NA	NA	35493	NA	NA	33090	2759
Osmunda_regalis	NA	NA	NA	3285	NA	NA	NA	3283	NA	NA	NA	3282	NA	NA	NA	NA	693749	NA	NA	NA	3290	NA	NA	35493	NA	NA	33090	2759
Ostrya_carpinifolia	NA	NA	NA	176865	NA	NA	NA	13621	NA	NA	NA	3514	NA	NA	NA	NA	3502	NA	NA	71275	NA	NA	NA	35493	NA	NA	33090	2759
Oxalis_acetosella	NA	NA	NA	341461	NA	NA	NA	4034	NA	NA	NA	4033	NA	NA	NA	NA	71243	NA	NA	71275	NA	NA	NA	35493	NA	NA	33090	2759
Oxalis_stricta	NA	NA	NA	213833	NA	NA	NA	4034	NA	NA	NA	4033	NA	NA	NA	NA	71243	NA	NA	71275	NA	NA	NA	35493	NA	NA	33090	2759
Oxymitra_incrassata	NA	NA	NA	122630	NA	NA	NA	71457	NA	NA	NA	71456	NA	NA	NA	NA	28908	NA	NA	186774	186770	NA	NA	35493	NA	NA	33090	2759
Lycopodiella_cernua	NA	NA	NA	73621	NA	NA	NA	42213	NA	NA	NA	3250	NA	NA	NA	NA	3249	NA	NA	NA	3248	NA	NA	35493	NA	NA	33090	2759
Pallavicinia_xiphoides	NA	NA	NA	280538	NA	NA	NA	56938	NA	NA	NA	71399	NA	NA	NA	186795	402723	NA	NA	400717	186771	NA	NA	35493	NA	NA	33090	2759
Panax_ginseng	NA	NA	NA	4054	NA	NA	NA	4053	NA	NA	NA	4050	NA	NA	NA	364270	4036	NA	NA	71274	NA	NA	NA	35493	NA	NA	33090	2759
Panax_japonicus	NA	NA	NA	44685	NA	NA	NA	4053	NA	NA	NA	4050	NA	NA	NA	364270	4036	NA	NA	71274	NA	NA	NA	35493	NA	NA	33090	2759
Panicum_virgatum	NA	NA	NA	38727	NA	NA	NA	4539	NA	147428	147369	4479	NA	NA	NA	NA	38820	NA	NA	4734	4447	NA	NA	35493	NA	NA	33090	2759
Paphiopedilum_armeniacum	NA	NA	NA	53069	NA	NA	NA	53064	NA	NA	158330	4747	NA	NA	NA	NA	73496	NA	NA	NA	4447	NA	NA	35493	NA	NA	33090	2759
Paphiopedilum_dianthum	NA	NA	NA	53081	NA	NA	NA	53064	NA	NA	158330	4747	NA	NA	NA	NA	73496	NA	NA	NA	4447	NA	NA	35493	NA	NA	33090	2759
Paraphymatoceros_coriaceus	NA	NA	NA	263825	NA	NA	NA	994307	NA	NA	NA	400692	NA	NA	NA	NA	400691	NA	NA	405586	402688	NA	NA	35493	NA	NA	33090	2759
Paris_incompleta	NA	NA	NA	83861	NA	NA	NA	49669	NA	NA	NA	50362	NA	NA	NA	NA	4667	NA	NA	NA	4447	NA	NA	35493	NA	NA	33090	2759
Paris_quadrifolia	NA	NA	NA	231488	NA	NA	NA	49669	NA	NA	NA	50362	NA	NA	NA	NA	4667	NA	NA	NA	4447	NA	NA	35493	NA	NA	33090	2759
Paspalum_distichum	NA	NA	NA	547423	NA	NA	NA	147271	1293359	1293356	147369	4479	NA	NA	NA	NA	38820	NA	NA	4734	4447	NA	NA	35493	NA	NA	33090	2759
Pellia_endiviifolia	NA	NA	NA	304445	NA	NA	NA	40339	NA	NA	NA	40338	NA	NA	NA	NA	400718	NA	NA	400717	186771	NA	NA	35493	NA	NA	33090	2759
Perilla_frutescens	NA	NA	NA	48386	NA	NA	NA	48385	NA	216720	216706	4136	NA	NA	NA	NA	4143	NA	NA	71274	NA	NA	NA	35493	NA	NA	33090	2759
Phaeoceros_carolinianus	NA	NA	NA	185665	NA	NA	NA	87755	NA	NA	NA	400692	NA	NA	NA	NA	400691	NA	NA	405586	402688	NA	NA	35493	NA	NA	33090	2759
Phaeoceros_laevis	NA	NA	NA	37308	NA	NA	NA	87755	NA	NA	NA	400692	NA	NA	NA	NA	400691	NA	NA	405586	402688	NA	NA	35493	NA	NA	33090	2759
Phaeoceros_pearsonii	NA	NA	NA	319835	NA	NA	NA	87755	NA	NA	NA	400692	NA	NA	NA	NA	400691	NA	NA	405586	402688	NA	NA	35493	NA	NA	33090	2759
Phaeomegaceros_coriaceus	NA	NA	NA	405431	NA	NA	NA	402702	NA	NA	405589	400690	NA	NA	NA	NA	400689	NA	NA	405587	402688	NA	NA	35493	NA	NA	33090	2759
Phaeomegaceros_hirticalyx	NA	NA	NA	263826	NA	NA	NA	402702	NA	NA	405589	400690	NA	NA	NA	NA	400689	NA	NA	405587	402688	NA	NA	35493	NA	NA	33090	2759
Phaius_tancarvilleae	NA	NA	NA	120015	NA	NA	NA	80424	160024	NA	158332	4747	NA	NA	NA	NA	73496	NA	NA	NA	4447	NA	NA	35493	NA	NA	33090	2759
Phalaris_arundinacea	NA	NA	NA	96050	NA	NA	NA	15740	640625	147387	147368	4479	NA	NA	NA	NA	38820	NA	NA	4734	4447	NA	NA	35493	NA	NA	33090	2759
Phaseolus_vulgaris	NA	NA	NA	3885	NA	NA	NA	3883	NA	163735	3814	3803	NA	NA	NA	NA	72025	NA	NA	71275	NA	NA	NA	35493	NA	NA	33090	2759
Phellodendron_amurense	NA	NA	NA	68554	NA	NA	NA	68553	NA	NA	NA	23513	NA	NA	NA	NA	41937	NA	NA	71275	NA	NA	NA	35493	NA	NA	33090	2759
Huperzia_phlegmaria	NA	NA	NA	41007	NA	NA	NA	37428	NA	NA	NA	3250	NA	NA	NA	NA	3249	NA	NA	NA	3248	NA	NA	35493	NA	NA	33090	2759
Phoenix_dactylifera	NA	NA	NA	42345	NA	NA	NA	4719	NA	169748	169700	4710	NA	NA	NA	NA	40551	NA	NA	4734	4447	NA	NA	35493	NA	NA	33090	2759
Phragmites_australis	NA	NA	NA	29695	NA	NA	NA	15745	NA	147431	156631	4479	NA	NA	NA	NA	38820	NA	NA	4734	4447	NA	NA	35493	NA	NA	33090	2759
Phyllanthus_calycinus	NA	NA	NA	283129	NA	NA	NA	58880	NA	235595	NA	233880	NA	NA	NA	NA	3646	NA	NA	71275	NA	NA	NA	35493	NA	NA	33090	2759
Phyllothallia_nivicola	NA	NA	NA	269531	NA	NA	NA	269530	NA	NA	NA	269529	NA	NA	NA	984490	402723	NA	NA	400717	186771	NA	NA	35493	NA	NA	33090	2759
Physcomitrella_patens	NA	NA	NA	3218	NA	NA	NA	3217	NA	NA	NA	3216	NA	NA	NA	NA	3215	NA	NA	114656	3214	NA	NA	35493	NA	NA	33090	2759
Phytolacca_americana	NA	NA	NA	3527	NA	NA	NA	3526	NA	NA	NA	3525	NA	NA	NA	NA	3524	NA	NA	NA	NA	NA	NA	35493	NA	NA	33090	2759
Picea_abies	NA	NA	NA	3329	NA	NA	NA	3328	NA	NA	NA	3318	NA	NA	NA	NA	3313	NA	NA	NA	58019	NA	NA	35493	NA	NA	33090	2759
Picea_crassifolia	NA	NA	NA	308688	NA	NA	NA	3328	NA	NA	NA	3318	NA	NA	NA	NA	3313	NA	NA	NA	58019	NA	NA	35493	NA	NA	33090	2759
Picea_glauca	NA	NA	NA	3330	NA	NA	NA	3328	NA	NA	NA	3318	NA	NA	NA	NA	3313	NA	NA	NA	58019	NA	NA	35493	NA	NA	33090	2759
Picea_jezoensis	NA	NA	NA	67778	NA	NA	NA	3328	NA	NA	NA	3318	NA	NA	NA	NA	3313	NA	NA	NA	58019	NA	NA	35493	NA	NA	33090	2759
Picea_mariana	NA	NA	NA	3335	NA	NA	NA	3328	NA	NA	NA	3318	NA	NA	NA	NA	3313	NA	NA	NA	58019	NA	NA	35493	NA	NA	33090	2759
Picea_rubens	NA	NA	NA	3333	NA	NA	NA	3328	NA	NA	NA	3318	NA	NA	NA	NA	3313	NA	NA	NA	58019	NA	NA	35493	NA	NA	33090	2759
Picea_sitchensis	NA	NA	NA	3332	NA	NA	NA	3328	NA	NA	NA	3318	NA	NA	NA	NA	3313	NA	NA	NA	58019	NA	NA	35493	NA	NA	33090	2759
Picea_smithiana	NA	NA	NA	123602	NA	NA	NA	3328	NA	NA	NA	3318	NA	NA	NA	NA	3313	NA	NA	NA	58019	NA	NA	35493	NA	NA	33090	2759
Pilea_pumila	NA	NA	NA	24776	NA	NA	NA	24775	NA	NA	NA	3499	NA	NA	NA	NA	3744	NA	NA	71275	NA	NA	NA	35493	NA	NA	33090	2759
Hieracium_pilosella	NA	NA	NA	221204	NA	NA	NA	102745	745087	219121	219120	4210	NA	NA	NA	NA	4209	NA	NA	71274	NA	NA	NA	35493	NA	NA	33090	2759
Pinus_albicaulis	NA	NA	NA	71622	NA	NA	139272	3337	NA	NA	NA	3318	NA	NA	NA	NA	3313	NA	NA	NA	58019	NA	NA	35493	NA	NA	33090	2759
Pinus_banksiana	NA	NA	NA	3353	NA	NA	139271	3337	NA	NA	NA	3318	NA	NA	NA	NA	3313	NA	NA	NA	58019	NA	NA	35493	NA	NA	33090	2759
Pinus_canariensis	NA	NA	NA	49510	NA	NA	139271	3337	NA	NA	NA	3318	NA	NA	NA	NA	3313	NA	NA	NA	58019	NA	NA	35493	NA	NA	33090	2759
Pinus_caribaea	NA	NA	NA	70929	NA	NA	139271	3337	NA	NA	NA	3318	NA	NA	NA	NA	3313	NA	NA	NA	58019	NA	NA	35493	NA	NA	33090	2759
Pinus_cembra	NA	NA	NA	58041	NA	NA	139272	3337	NA	NA	NA	3318	NA	NA	NA	NA	3313	NA	NA	NA	58019	NA	NA	35493	NA	NA	33090	2759
Pinus_contorta	NA	NA	NA	3339	NA	NA	139271	3337	NA	NA	NA	3318	NA	NA	NA	NA	3313	NA	NA	NA	58019	NA	NA	35493	NA	NA	33090	2759
Pinus_densiflora	NA	NA	NA	77912	NA	NA	139271	3337	NA	NA	NA	3318	NA	NA	NA	NA	3313	NA	NA	NA	58019	NA	NA	35493	NA	NA	33090	2759
Pinus_edulis	NA	NA	NA	3340	NA	NA	139272	3337	NA	NA	NA	3318	NA	NA	NA	NA	3313	NA	NA	NA	58019	NA	NA	35493	NA	NA	33090	2759
Pinus_elliottii	NA	NA	NA	42064	NA	NA	139271	3337	NA	NA	NA	3318	NA	NA	NA	NA	3313	NA	NA	NA	58019	NA	NA	35493	NA	NA	33090	2759
Pinus_halepensis	NA	NA	NA	71633	NA	NA	139271	3337	NA	NA	NA	3318	NA	NA	NA	NA	3313	NA	NA	NA	58019	NA	NA	35493	NA	NA	33090	2759
Pinus_jeffreyi	NA	NA	NA	55061	NA	NA	139271	3337	NA	NA	NA	3318	NA	NA	NA	NA	3313	NA	NA	NA	58019	NA	NA	35493	NA	NA	33090	2759
Pinus_kesiya	NA	NA	NA	71636	NA	NA	139271	3337	NA	NA	NA	3318	NA	NA	NA	NA	3313	NA	NA	NA	58019	NA	NA	35493	NA	NA	33090	2759
Pinus_koraiensis	NA	NA	NA	88728	NA	NA	139272	3337	NA	NA	NA	3318	NA	NA	NA	NA	3313	NA	NA	NA	58019	NA	NA	35493	NA	NA	33090	2759
Pinus_lambertiana	NA	NA	NA	3343	NA	NA	139272	3337	NA	NA	NA	3318	NA	NA	NA	NA	3313	NA	NA	NA	58019	NA	NA	35493	NA	NA	33090	2759
Pinus_longaeva	NA	NA	NA	3344	NA	NA	139272	3337	NA	NA	NA	3318	NA	NA	NA	NA	3313	NA	NA	NA	58019	NA	NA	35493	NA	NA	33090	2759
Pinus_massoniana	NA	NA	NA	88730	NA	NA	139271	3337	NA	NA	NA	3318	NA	NA	NA	NA	3313	NA	NA	NA	58019	NA	NA	35493	NA	NA	33090	2759
Pinus_montezumae	NA	NA	NA	71642	NA	NA	139271	3337	NA	NA	NA	3318	NA	NA	NA	NA	3313	NA	NA	NA	58019	NA	NA	35493	NA	NA	33090	2759
Pinus_mugo	NA	NA	NA	28528	NA	NA	139271	3337	NA	NA	NA	3318	NA	NA	NA	NA	3313	NA	NA	NA	58019	NA	NA	35493	NA	NA	33090	2759
Pinus_muricata	NA	NA	NA	164245	NA	NA	139271	3337	NA	NA	NA	3318	NA	NA	NA	NA	3313	NA	NA	NA	58019	NA	NA	35493	NA	NA	33090	2759
Pinus_nigra	NA	NA	NA	58042	NA	NA	139271	3337	NA	NA	NA	3318	NA	NA	NA	NA	3313	NA	NA	NA	58019	NA	NA	35493	NA	NA	33090	2759
Pinus_parviflora	NA	NA	NA	71644	NA	NA	139272	3337	NA	NA	NA	3318	NA	NA	NA	NA	3313	NA	NA	NA	58019	NA	NA	35493	NA	NA	33090	2759
Pinus_patula	NA	NA	NA	71645	NA	NA	139271	3337	NA	NA	NA	3318	NA	NA	NA	NA	3313	NA	NA	NA	58019	NA	NA	35493	NA	NA	33090	2759
Pinus_pinaster	NA	NA	NA	71647	NA	NA	139271	3337	NA	NA	NA	3318	NA	NA	NA	NA	3313	NA	NA	NA	58019	NA	NA	35493	NA	NA	33090	2759
Pinus_pinea	NA	NA	NA	3346	NA	NA	139271	3337	NA	NA	NA	3318	NA	NA	NA	NA	3313	NA	NA	NA	58019	NA	NA	35493	NA	NA	33090	2759
Pinus_ponderosa	NA	NA	NA	55062	NA	NA	139271	3337	NA	NA	NA	3318	NA	NA	NA	NA	3313	NA	NA	NA	58019	NA	NA	35493	NA	NA	33090	2759
Pinus_pumila	NA	NA	NA	71649	NA	NA	139272	3337	NA	NA	NA	3318	NA	NA	NA	NA	3313	NA	NA	NA	58019	NA	NA	35493	NA	NA	33090	2759
Pinus_radiata	NA	NA	NA	3347	NA	NA	139271	3337	NA	NA	NA	3318	NA	NA	NA	NA	3313	NA	NA	NA	58019	NA	NA	35493	NA	NA	33090	2759
Pinus_roxburghii	NA	NA	NA	71650	NA	NA	139271	3337	NA	NA	NA	3318	NA	NA	NA	NA	3313	NA	NA	NA	58019	NA	NA	35493	NA	NA	33090	2759
Pinus_sabiniana	NA	NA	NA	268869	NA	NA	139271	3337	NA	NA	NA	3318	NA	NA	NA	NA	3313	NA	NA	NA	58019	NA	NA	35493	NA	NA	33090	2759
Pinus_strobus	NA	NA	NA	3348	NA	NA	139272	3337	NA	NA	NA	3318	NA	NA	NA	NA	3313	NA	NA	NA	58019	NA	NA	35493	NA	NA	33090	2759
Pinus_sylvestris	NA	NA	NA	3349	NA	NA	139271	3337	NA	NA	NA	3318	NA	NA	NA	NA	3313	NA	NA	NA	58019	NA	NA	35493	NA	NA	33090	2759
Pinus_tabuliformis	NA	NA	NA	88731	NA	NA	139271	3337	NA	NA	NA	3318	NA	NA	NA	NA	3313	NA	NA	NA	58019	NA	NA	35493	NA	NA	33090	2759
Pinus_taeda	NA	NA	NA	3352	NA	NA	139271	3337	NA	NA	NA	3318	NA	NA	NA	NA	3313	NA	NA	NA	58019	NA	NA	35493	NA	NA	33090	2759
Pinus_thunbergii	NA	NA	NA	3350	NA	NA	139271	3337	NA	NA	NA	3318	NA	NA	NA	NA	3313	NA	NA	NA	58019	NA	NA	35493	NA	NA	33090	2759
Pinus_virginiana	NA	NA	NA	71654	NA	NA	139271	3337	NA	NA	NA	3318	NA	NA	NA	NA	3313	NA	NA	NA	58019	NA	NA	35493	NA	NA	33090	2759
Pinus_wallichiana	NA	NA	NA	3341	NA	NA	139272	3337	NA	NA	NA	3318	NA	NA	NA	NA	3313	NA	NA	NA	58019	NA	NA	35493	NA	NA	33090	2759
Piper_nigrum	NA	NA	NA	13216	NA	NA	NA	13215	NA	NA	NA	16739	NA	NA	NA	NA	16736	NA	NA	NA	NA	NA	NA	35493	NA	NA	33090	2759
Pisonia_aculeata	NA	NA	NA	363212	NA	NA	NA	66230	NA	NA	NA	3536	NA	NA	NA	NA	3524	NA	NA	NA	NA	NA	NA	35493	NA	NA	33090	2759
Pisonia_albida	NA	NA	NA	1241586	NA	NA	NA	66230	NA	NA	NA	3536	NA	NA	NA	NA	3524	NA	NA	NA	NA	NA	NA	35493	NA	NA	33090	2759
Pisonia_grandis	NA	NA	NA	66231	NA	NA	NA	66230	NA	NA	NA	3536	NA	NA	NA	NA	3524	NA	NA	NA	NA	NA	NA	35493	NA	NA	33090	2759
Pisonia_sandwicensis	NA	NA	NA	1264047	NA	NA	NA	66230	NA	NA	NA	3536	NA	NA	NA	NA	3524	NA	NA	NA	NA	NA	NA	35493	NA	NA	33090	2759
Pisonia_sechellarum	NA	NA	NA	1264048	NA	NA	NA	66230	NA	NA	NA	3536	NA	NA	NA	NA	3524	NA	NA	NA	NA	NA	NA	35493	NA	NA	33090	2759
Pisonia_taina	NA	NA	NA	1242150	NA	NA	NA	66230	NA	NA	NA	3536	NA	NA	NA	NA	3524	NA	NA	NA	NA	NA	NA	35493	NA	NA	33090	2759
Pisum_sativum	NA	NA	NA	3888	NA	NA	NA	3887	NA	163743	3814	3803	NA	NA	NA	NA	72025	NA	NA	71275	NA	NA	NA	35493	NA	NA	33090	2759
Plantago_afra	NA	NA	NA	101998	NA	NA	NA	26867	NA	216794	NA	156152	NA	NA	NA	NA	4143	NA	NA	71274	NA	NA	NA	35493	NA	NA	33090	2759
Plantago_asiatica	NA	NA	NA	197796	NA	NA	NA	26867	NA	216794	NA	156152	NA	NA	NA	NA	4143	NA	NA	71274	NA	NA	NA	35493	NA	NA	33090	2759
Plantago_lanceolata	NA	NA	NA	39414	NA	NA	NA	26867	NA	216794	NA	156152	NA	NA	NA	NA	4143	NA	NA	71274	NA	NA	NA	35493	NA	NA	33090	2759
Plantago_major	NA	NA	NA	29818	NA	NA	NA	26867	NA	216794	NA	156152	NA	NA	NA	NA	4143	NA	NA	71274	NA	NA	NA	35493	NA	NA	33090	2759
Platanthera_azorica	NA	NA	NA	1053384	NA	NA	NA	59352	158366	158345	158331	4747	NA	NA	NA	NA	73496	NA	NA	NA	4447	NA	NA	35493	NA	NA	33090	2759
Platanthera_chlorantha	NA	NA	NA	59353	NA	NA	NA	59352	158366	158345	158331	4747	NA	NA	NA	NA	73496	NA	NA	NA	4447	NA	NA	35493	NA	NA	33090	2759
Platanthera_micrantha	NA	NA	NA	1053385	NA	NA	NA	59352	158366	158345	158331	4747	NA	NA	NA	NA	73496	NA	NA	NA	4447	NA	NA	35493	NA	NA	33090	2759
Pleurozia_gigantea	NA	NA	NA	255983	NA	NA	NA	255982	NA	NA	NA	255981	NA	NA	NA	NA	255980	NA	NA	186781	186771	NA	NA	35493	NA	NA	33090	2759
Pleurozia_purpurea	NA	NA	NA	280637	NA	NA	NA	255982	NA	NA	NA	255981	NA	NA	NA	NA	255980	NA	NA	186781	186771	NA	NA	35493	NA	NA	33090	2759
Poa_pratensis	NA	NA	NA	4545	NA	NA	NA	4544	640628	147387	147368	4479	NA	NA	NA	NA	38820	NA	NA	4734	4447	NA	NA	35493	NA	NA	33090	2759
Podocarpus_oleifolius	NA	NA	NA	218190	NA	NA	NA	3363	NA	NA	NA	3362	NA	NA	NA	NA	3313	NA	NA	NA	58019	NA	NA	35493	NA	NA	33090	2759
Podococcus_barteri	NA	NA	NA	101629	NA	NA	NA	101628	NA	169731	169697	4710	NA	NA	NA	NA	40551	NA	NA	4734	4447	NA	NA	35493	NA	NA	33090	2759
Podomitrium_phyllanthus	NA	NA	NA	269533	NA	NA	NA	269532	NA	NA	NA	71399	NA	NA	NA	186795	402723	NA	NA	400717	186771	NA	NA	35493	NA	NA	33090	2759
Polygala_amara	NA	NA	NA	58884	NA	NA	NA	4275	NA	NA	NA	4274	NA	NA	NA	NA	72025	NA	NA	71275	NA	NA	NA	35493	NA	NA	33090	2759
Polygala_calcarea	NA	NA	NA	375120	NA	NA	NA	4275	NA	NA	NA	4274	NA	NA	NA	NA	72025	NA	NA	71275	NA	NA	NA	35493	NA	NA	33090	2759
Polygala_comosa	NA	NA	NA	162884	NA	NA	NA	4275	NA	NA	NA	4274	NA	NA	NA	NA	72025	NA	NA	71275	NA	NA	NA	35493	NA	NA	33090	2759
Polygala_myrtifolia	NA	NA	NA	292129	NA	NA	NA	4275	NA	NA	NA	4274	NA	NA	NA	NA	72025	NA	NA	71275	NA	NA	NA	35493	NA	NA	33090	2759
Polygala_rupestris	NA	NA	NA	375132	NA	NA	NA	4275	NA	NA	NA	4274	NA	NA	NA	NA	72025	NA	NA	71275	NA	NA	NA	35493	NA	NA	33090	2759
Polygala_serpyllifolia	NA	NA	NA	544475	NA	NA	NA	4275	NA	NA	NA	4274	NA	NA	NA	NA	72025	NA	NA	71275	NA	NA	NA	35493	NA	NA	33090	2759
Polygala_vulgaris	NA	NA	NA	174553	NA	NA	NA	4275	NA	NA	NA	4274	NA	NA	NA	NA	72025	NA	NA	71275	NA	NA	NA	35493	NA	NA	33090	2759
Polygonum_cuspidatum	NA	NA	NA	83819	NA	NA	NA	46786	NA	1110385	1110380	3615	NA	NA	NA	NA	3524	NA	NA	NA	NA	NA	NA	35493	NA	NA	33090	2759
Polystichum_acrostichoides	NA	NA	NA	28470	NA	NA	NA	3278	NA	NA	NA	29607	NA	NA	NA	NA	3268	NA	NA	NA	3290	NA	NA	35493	NA	NA	33090	2759
Populus_alba	NA	NA	NA	43335	NA	NA	NA	3689	NA	238069	NA	3688	NA	NA	NA	NA	3646	NA	NA	71275	NA	NA	NA	35493	NA	NA	33090	2759
Populus_balsamifera	NA	NA	NA	73824	NA	NA	NA	3689	NA	238069	NA	3688	NA	NA	NA	NA	3646	NA	NA	71275	NA	NA	NA	35493	NA	NA	33090	2759
Populus_davidiana	NA	NA	NA	266767	NA	NA	NA	3689	NA	238069	NA	3688	NA	NA	NA	NA	3646	NA	NA	71275	NA	NA	NA	35493	NA	NA	33090	2759
Populus_deltoides	NA	NA	NA	3696	NA	NA	NA	3689	NA	238069	NA	3688	NA	NA	NA	NA	3646	NA	NA	71275	NA	NA	NA	35493	NA	NA	33090	2759
Populus_euphratica	NA	NA	NA	75702	NA	NA	NA	3689	NA	238069	NA	3688	NA	NA	NA	NA	3646	NA	NA	71275	NA	NA	NA	35493	NA	NA	33090	2759
Populus_nigra	NA	NA	NA	3691	NA	NA	NA	3689	NA	238069	NA	3688	NA	NA	NA	NA	3646	NA	NA	71275	NA	NA	NA	35493	NA	NA	33090	2759
Populus_simonii	NA	NA	NA	295327	NA	NA	NA	3689	NA	238069	NA	3688	NA	NA	NA	NA	3646	NA	NA	71275	NA	NA	NA	35493	NA	NA	33090	2759
Populus_tremula	NA	NA	NA	113636	NA	NA	NA	3689	NA	238069	NA	3688	NA	NA	NA	NA	3646	NA	NA	71275	NA	NA	NA	35493	NA	NA	33090	2759
Populus_trichocarpa	NA	NA	NA	3694	NA	NA	NA	3689	NA	238069	NA	3688	NA	NA	NA	NA	3646	NA	NA	71275	NA	NA	NA	35493	NA	NA	33090	2759
Potentilla_erecta	NA	NA	NA	57940	NA	NA	NA	23204	NA	721789	171638	3745	NA	NA	NA	NA	3744	NA	NA	71275	NA	NA	NA	35493	NA	NA	33090	2759
Preissia_quadrata	NA	NA	NA	53029	NA	NA	NA	53028	NA	NA	NA	29585	NA	NA	NA	NA	28908	NA	NA	186774	186770	NA	NA	35493	NA	NA	33090	2759
Prumnopitys_ferruginea	NA	NA	NA	120635	NA	NA	NA	56902	NA	NA	NA	3362	NA	NA	NA	NA	3313	NA	NA	NA	58019	NA	NA	35493	NA	NA	33090	2759
Prumnopitys_montana	NA	NA	NA	485824	NA	NA	NA	56902	NA	NA	NA	3362	NA	NA	NA	NA	3313	NA	NA	NA	58019	NA	NA	35493	NA	NA	33090	2759
Prumnopitys_taxifolia	NA	NA	NA	56903	NA	NA	NA	56902	NA	NA	NA	3362	NA	NA	NA	NA	3313	NA	NA	NA	58019	NA	NA	35493	NA	NA	33090	2759
Prunella_vulgaris	NA	NA	NA	39358	NA	NA	NA	39176	NA	216718	216706	4136	NA	NA	NA	NA	4143	NA	NA	71274	NA	NA	NA	35493	NA	NA	33090	2759
Prunus_africana	NA	NA	NA	379279	NA	NA	NA	3754	NA	NA	171637	3745	NA	NA	NA	NA	3744	NA	NA	71275	NA	NA	NA	35493	NA	NA	33090	2759
Prunus_persica	NA	NA	NA	3760	NA	NA	NA	3754	NA	NA	171637	3745	NA	NA	NA	NA	3744	NA	NA	71275	NA	NA	NA	35493	NA	NA	33090	2759
Pseudorchis_albida	NA	NA	NA	367781	NA	NA	NA	329326	158366	158345	158331	4747	NA	NA	NA	NA	73496	NA	NA	NA	4447	NA	NA	35493	NA	NA	33090	2759
Pseudotsuga_menziesii	NA	NA	NA	3357	NA	NA	NA	3356	NA	NA	NA	3318	NA	NA	NA	NA	3313	NA	NA	NA	58019	NA	NA	35493	NA	NA	33090	2759
Psilotum_nudum	NA	NA	NA	3240	NA	NA	NA	3239	NA	NA	NA	3238	NA	NA	NA	NA	3237	NA	NA	NA	NA	3236	NA	35493	NA	NA	33090	2759
Pterostylis_nutans	NA	NA	NA	78843	NA	NA	NA	78842	158363	158350	158331	4747	NA	NA	NA	NA	73496	NA	NA	NA	4447	NA	NA	35493	NA	NA	33090	2759
Pterygodium_catholicum	NA	NA	NA	62857	NA	NA	NA	62856	158348	158345	158331	4747	NA	NA	NA	NA	73496	NA	NA	NA	4447	NA	NA	35493	NA	NA	33090	2759
Marattia_purpurascens	NA	NA	NA	519570	NA	NA	NA	114458	NA	NA	NA	3265	NA	NA	NA	NA	3264	NA	NA	NA	74352	NA	NA	35493	NA	NA	33090	2759
Puccinellia_distans	NA	NA	NA	13649	NA	NA	NA	13648	640881	147387	147368	4479	NA	NA	NA	NA	38820	NA	NA	4734	4447	NA	NA	35493	NA	NA	33090	2759
Puccinellia_maritima	NA	NA	NA	492098	NA	NA	NA	13648	640881	147387	147368	4479	NA	NA	NA	NA	38820	NA	NA	4734	4447	NA	NA	35493	NA	NA	33090	2759
Pulmonaria_obscura	NA	NA	NA	256501	NA	NA	NA	136615	NA	NA	NA	21571	NA	NA	NA	NA	NA	NA	NA	71274	NA	NA	NA	35493	NA	NA	33090	2759
Purdiaea_nutans	NA	NA	NA	190256	NA	NA	NA	190255	NA	NA	NA	16611	NA	NA	NA	NA	41945	NA	NA	71274	NA	NA	NA	35493	NA	NA	33090	2759
Pyrola_minor	NA	NA	NA	93826	NA	NA	NA	13650	NA	217038	217032	4345	NA	NA	NA	NA	41945	NA	NA	71274	NA	NA	NA	35493	NA	NA	33090	2759
Pyrola_rotundifolia	NA	NA	NA	13651	NA	NA	NA	13650	NA	217038	217032	4345	NA	NA	NA	NA	41945	NA	NA	71274	NA	NA	NA	35493	NA	NA	33090	2759
Pyrorchis_nigricans	NA	NA	NA	152908	NA	NA	NA	152907	158357	158349	158331	4747	NA	NA	NA	NA	73496	NA	NA	NA	4447	NA	NA	35493	NA	NA	33090	2759
Pyrus_pyrifolia	NA	NA	NA	3767	NA	NA	NA	3766	NA	721813	171637	3745	NA	NA	NA	NA	3744	NA	NA	71275	NA	NA	NA	35493	NA	NA	33090	2759
Quercus_agrifolia	NA	NA	NA	97693	NA	NA	NA	3511	NA	NA	NA	3503	NA	NA	NA	NA	3502	NA	NA	71275	NA	NA	NA	35493	NA	NA	33090	2759
Quercus_alba	NA	NA	NA	3513	NA	NA	NA	3511	NA	NA	NA	3503	NA	NA	NA	NA	3502	NA	NA	71275	NA	NA	NA	35493	NA	NA	33090	2759
Quercus_cerris	NA	NA	NA	39468	NA	NA	NA	3511	NA	NA	NA	3503	NA	NA	NA	NA	3502	NA	NA	71275	NA	NA	NA	35493	NA	NA	33090	2759
Quercus_fabri	NA	NA	NA	1077959	NA	NA	NA	3511	NA	NA	NA	3503	NA	NA	NA	NA	3502	NA	NA	71275	NA	NA	NA	35493	NA	NA	33090	2759
Quercus_ilex	NA	NA	NA	58334	NA	NA	NA	3511	NA	NA	NA	3503	NA	NA	NA	NA	3502	NA	NA	71275	NA	NA	NA	35493	NA	NA	33090	2759
Quercus_incana	NA	NA	NA	262620	NA	NA	NA	3511	NA	NA	NA	3503	NA	NA	NA	NA	3502	NA	NA	71275	NA	NA	NA	35493	NA	NA	33090	2759
Quercus_petraea	NA	NA	NA	38865	NA	NA	NA	3511	NA	NA	NA	3503	NA	NA	NA	NA	3502	NA	NA	71275	NA	NA	NA	35493	NA	NA	33090	2759
Quercus_pubescens	NA	NA	NA	39471	NA	NA	NA	3511	NA	NA	NA	3503	NA	NA	NA	NA	3502	NA	NA	71275	NA	NA	NA	35493	NA	NA	33090	2759
Quercus_robur	NA	NA	NA	38942	NA	NA	NA	3511	NA	NA	NA	3503	NA	NA	NA	NA	3502	NA	NA	71275	NA	NA	NA	35493	NA	NA	33090	2759
Quercus_rubra	NA	NA	NA	3512	NA	NA	NA	3511	NA	NA	NA	3503	NA	NA	NA	NA	3502	NA	NA	71275	NA	NA	NA	35493	NA	NA	33090	2759
Quercus_salicina	NA	NA	NA	103488	NA	NA	NA	3511	NA	NA	NA	3503	NA	NA	NA	NA	3502	NA	NA	71275	NA	NA	NA	35493	NA	NA	33090	2759
Quercus_suber	NA	NA	NA	58331	NA	NA	NA	3511	NA	NA	NA	3503	NA	NA	NA	NA	3502	NA	NA	71275	NA	NA	NA	35493	NA	NA	33090	2759
Quercus_variabilis	NA	NA	NA	103481	NA	NA	NA	3511	NA	NA	NA	3503	NA	NA	NA	NA	3502	NA	NA	71275	NA	NA	NA	35493	NA	NA	33090	2759
Quercus_wislizeni	NA	NA	NA	67830	NA	NA	NA	3511	NA	NA	NA	3503	NA	NA	NA	NA	3502	NA	NA	71275	NA	NA	NA	35493	NA	NA	33090	2759
Ranunculus_montanus	NA	NA	NA	286941	NA	NA	NA	3445	NA	NA	NA	3440	NA	NA	NA	NA	41768	NA	NA	NA	NA	NA	NA	35493	NA	NA	33090	2759
Ranunculus_repens	NA	NA	NA	137665	NA	NA	NA	3445	NA	NA	NA	3440	NA	NA	NA	NA	41768	NA	NA	NA	NA	NA	NA	35493	NA	NA	33090	2759
Retama_sphaerocarpa	NA	NA	NA	49838	NA	NA	NA	49835	NA	163729	3814	3803	NA	NA	NA	NA	72025	NA	NA	71275	NA	NA	NA	35493	NA	NA	33090	2759
Rhizophora_apiculata	NA	NA	NA	106626	NA	NA	NA	40030	NA	NA	NA	40029	NA	NA	NA	NA	3646	NA	NA	71275	NA	NA	NA	35493	NA	NA	33090	2759
Rhododendron_decorum	NA	NA	NA	344754	NA	NA	NA	4346	NA	217046	217035	4345	NA	NA	NA	NA	41945	NA	NA	71274	NA	NA	NA	35493	NA	NA	33090	2759
Rhododendron_ferrugineum	NA	NA	NA	49622	NA	NA	NA	4346	NA	217046	217035	4345	NA	NA	NA	NA	41945	NA	NA	71274	NA	NA	NA	35493	NA	NA	33090	2759
Rhododendron_fortunei	NA	NA	NA	184575	NA	NA	NA	4346	NA	217046	217035	4345	NA	NA	NA	NA	41945	NA	NA	71274	NA	NA	NA	35493	NA	NA	33090	2759
Rhododendron_groenlandicum	NA	NA	NA	49605	NA	NA	NA	4346	NA	217046	217035	4345	NA	NA	NA	NA	41945	NA	NA	71274	NA	NA	NA	35493	NA	NA	33090	2759
Rhododendron_racemosum	NA	NA	NA	184581	NA	NA	NA	4346	NA	217046	217035	4345	NA	NA	NA	NA	41945	NA	NA	71274	NA	NA	NA	35493	NA	NA	33090	2759
Rhododendron_tomentosum	NA	NA	NA	49170	NA	NA	NA	4346	NA	217046	217035	4345	NA	NA	NA	NA	41945	NA	NA	71274	NA	NA	NA	35493	NA	NA	33090	2759
Rhomboda_cristata	NA	NA	NA	798539	NA	NA	NA	985865	158360	158350	158331	4747	NA	NA	NA	NA	73496	NA	NA	NA	4447	NA	NA	35493	NA	NA	33090	2759
Riccardia_latifrons	NA	NA	NA	373806	NA	NA	NA	39025	NA	NA	NA	39024	NA	NA	NA	NA	34158	NA	NA	186781	186771	NA	NA	35493	NA	NA	33090	2759
Riccardia_multifida	NA	NA	NA	139850	NA	NA	NA	39025	NA	NA	NA	39024	NA	NA	NA	NA	34158	NA	NA	186781	186771	NA	NA	35493	NA	NA	33090	2759
Riccardia_palmata	NA	NA	NA	373807	NA	NA	NA	39025	NA	NA	NA	39024	NA	NA	NA	NA	34158	NA	NA	186781	186771	NA	NA	35493	NA	NA	33090	2759
Riccia_huebeneriana	NA	NA	NA	122639	NA	NA	NA	41843	NA	NA	NA	41842	NA	NA	NA	NA	28908	NA	NA	186774	186770	NA	NA	35493	NA	NA	33090	2759
Riella_helicophylla	NA	NA	NA	53013	NA	NA	NA	53012	NA	NA	NA	74541	NA	NA	NA	NA	37407	NA	NA	186774	186770	NA	NA	35493	NA	NA	33090	2759
Robinia_pseudoacacia	NA	NA	NA	35938	NA	NA	NA	35937	NA	163738	3814	3803	NA	NA	NA	NA	72025	NA	NA	71275	NA	NA	NA	35493	NA	NA	33090	2759
Rosa_multiflora	NA	NA	NA	74647	NA	NA	NA	3764	NA	NA	171638	3745	NA	NA	NA	NA	3744	NA	NA	71275	NA	NA	NA	35493	NA	NA	33090	2759
Rosmarinus_officinalis	NA	NA	NA	39367	NA	NA	NA	39177	NA	216718	216706	4136	NA	NA	NA	NA	4143	NA	NA	71274	NA	NA	NA	35493	NA	NA	33090	2759
Rubus_parvifolius	NA	NA	NA	176136	NA	NA	NA	23216	NA	NA	171638	3745	NA	NA	NA	NA	3744	NA	NA	71275	NA	NA	NA	35493	NA	NA	33090	2759
Rubus_saxatilis	NA	NA	NA	75091	NA	NA	NA	23216	NA	NA	171638	3745	NA	NA	NA	NA	3744	NA	NA	71275	NA	NA	NA	35493	NA	NA	33090	2759
Ruta_chalepensis	NA	NA	NA	452790	NA	NA	NA	37564	NA	NA	NA	23513	NA	NA	NA	NA	41937	NA	NA	71275	NA	NA	NA	35493	NA	NA	33090	2759
Saccobasis_polita	NA	NA	NA	209811	NA	NA	NA	209810	NA	NA	NA	41845	NA	NA	NA	71154	3199	NA	NA	186782	186771	NA	NA	35493	NA	NA	33090	2759
Saccogyna_viticulosa	NA	NA	NA	362792	NA	NA	NA	362791	NA	NA	NA	70555	NA	NA	NA	3200	3199	NA	NA	186782	186771	NA	NA	35493	NA	NA	33090	2759
Salicornia_europaea	NA	NA	NA	206448	NA	NA	NA	46104	NA	NA	NA	3563	NA	NA	NA	NA	3524	NA	NA	NA	NA	NA	NA	35493	NA	NA	33090	2759
Salix_alba	NA	NA	NA	75704	NA	NA	NA	40685	NA	238069	NA	3688	NA	NA	NA	NA	3646	NA	NA	71275	NA	NA	NA	35493	NA	NA	33090	2759
Salix_arctica	NA	NA	NA	395313	NA	NA	NA	40685	NA	238069	NA	3688	NA	NA	NA	NA	3646	NA	NA	71275	NA	NA	NA	35493	NA	NA	33090	2759
Salix_herbacea	NA	NA	NA	77064	NA	NA	NA	40685	NA	238069	NA	3688	NA	NA	NA	NA	3646	NA	NA	71275	NA	NA	NA	35493	NA	NA	33090	2759
Salix_polaris	NA	NA	NA	395315	NA	NA	NA	40685	NA	238069	NA	3688	NA	NA	NA	NA	3646	NA	NA	71275	NA	NA	NA	35493	NA	NA	33090	2759
Salix_reinii	NA	NA	NA	75716	NA	NA	NA	40685	NA	238069	NA	3688	NA	NA	NA	NA	3646	NA	NA	71275	NA	NA	NA	35493	NA	NA	33090	2759
Salix_reticulata	NA	NA	NA	75717	NA	NA	NA	40685	NA	238069	NA	3688	NA	NA	NA	NA	3646	NA	NA	71275	NA	NA	NA	35493	NA	NA	33090	2759
Salix_tetrasperma	NA	NA	NA	75722	NA	NA	NA	40685	NA	238069	NA	3688	NA	NA	NA	NA	3646	NA	NA	71275	NA	NA	NA	35493	NA	NA	33090	2759
Salvadora_persica	NA	NA	NA	4326	NA	NA	NA	4325	NA	NA	NA	4324	NA	NA	NA	NA	3699	NA	NA	71275	NA	NA	NA	35493	NA	NA	33090	2759
Sanionia_uncinata	NA	NA	NA	140003	NA	NA	NA	94483	NA	NA	NA	52997	NA	NA	NA	NA	13798	404315	NA	114658	3214	NA	NA	35493	NA	NA	33090	2759
Santiria_trimera	NA	NA	NA	533030	NA	NA	NA	173686	NA	NA	NA	4014	NA	NA	NA	NA	41937	NA	NA	71275	NA	NA	NA	35493	NA	NA	33090	2759
Saussurea_involucrata	NA	NA	NA	200489	NA	NA	NA	41629	742010	102818	219103	4210	NA	NA	NA	NA	4209	NA	NA	71274	NA	NA	NA	35493	NA	NA	33090	2759
Sauteria_alpina	NA	NA	NA	179047	NA	NA	NA	179046	NA	NA	NA	122613	NA	NA	NA	NA	28908	NA	NA	186774	186770	NA	NA	35493	NA	NA	33090	2759
Saxifraga_oppositifolia	NA	NA	NA	29771	NA	NA	NA	3798	NA	NA	NA	3792	NA	NA	NA	NA	41946	NA	NA	NA	NA	NA	NA	35493	NA	NA	33090	2759
Scapania_calcicola	NA	NA	NA	537846	NA	NA	NA	41847	NA	NA	NA	41845	NA	NA	NA	71154	3199	NA	NA	186782	186771	NA	NA	35493	NA	NA	33090	2759
Scapania_cuspiduligera	NA	NA	NA	537848	NA	NA	NA	41847	NA	NA	NA	41845	NA	NA	NA	71154	3199	NA	NA	186782	186771	NA	NA	35493	NA	NA	33090	2759
Scapania_irrigua	NA	NA	NA	537852	NA	NA	NA	41847	NA	NA	NA	41845	NA	NA	NA	71154	3199	NA	NA	186782	186771	NA	NA	35493	NA	NA	33090	2759
Scapania_umbrosa	NA	NA	NA	537862	NA	NA	NA	41847	NA	NA	NA	41845	NA	NA	NA	71154	3199	NA	NA	186782	186771	NA	NA	35493	NA	NA	33090	2759
Schistochilopsis_incisa	NA	NA	NA	248334	NA	NA	NA	248343	NA	NA	NA	41845	NA	NA	NA	71154	3199	NA	NA	186782	186771	NA	NA	35493	NA	NA	33090	2759
Shortia_soldanelloides	NA	NA	NA	172650	NA	NA	NA	172647	NA	NA	NA	16673	NA	NA	NA	NA	41945	NA	NA	71274	NA	NA	NA	35493	NA	NA	33090	2759
Selaginella_kraussiana	NA	NA	NA	81964	NA	NA	NA	3246	NA	NA	NA	3245	NA	NA	NA	NA	3244	NA	NA	NA	3243	NA	NA	35493	NA	NA	33090	2759
Selaginella_selaginoides	NA	NA	NA	69996	NA	NA	NA	3246	NA	NA	NA	3245	NA	NA	NA	NA	3244	NA	NA	NA	3243	NA	NA	35493	NA	NA	33090	2759
Acacia_senegal	NA	NA	NA	138043	NA	NA	NA	3808	NA	163485	3807	3803	NA	NA	NA	NA	72025	NA	NA	71275	NA	NA	NA	35493	NA	NA	33090	2759
Sequoiadendron_giganteum	NA	NA	NA	99814	NA	NA	NA	99813	NA	NA	NA	3367	NA	NA	NA	NA	3313	NA	NA	NA	58019	NA	NA	35493	NA	NA	33090	2759
Serapias_cordigera	NA	NA	NA	243798	NA	NA	NA	59354	158366	158345	158331	4747	NA	NA	NA	NA	73496	NA	NA	NA	4447	NA	NA	35493	NA	NA	33090	2759
Sesleria_caerulea	NA	NA	NA	58931	NA	NA	NA	52160	NA	147387	147368	4479	NA	NA	NA	NA	38820	NA	NA	4734	4447	NA	NA	35493	NA	NA	33090	2759
Setaria_pumila	NA	NA	NA	305353	NA	NA	NA	4554	NA	147428	147369	4479	NA	NA	NA	NA	38820	NA	NA	4734	4447	NA	NA	35493	NA	NA	33090	2759
Shorea_guiso	NA	NA	NA	152414	NA	NA	NA	64588	NA	NA	65009	40588	NA	NA	NA	NA	41938	NA	NA	71275	NA	NA	NA	35493	NA	NA	33090	2759
Shorea_obtusa	NA	NA	NA	292019	NA	NA	NA	64588	NA	NA	65009	40588	NA	NA	NA	NA	41938	NA	NA	71275	NA	NA	NA	35493	NA	NA	33090	2759
Solanum_tuberosum	NA	NA	NA	4113	NA	NA	NA	4107	NA	424574	424551	4070	NA	NA	NA	NA	4069	NA	NA	71274	NA	NA	NA	35493	NA	NA	33090	2759
Solidago_canadensis	NA	NA	NA	59297	NA	NA	NA	59293	NA	102809	102804	4210	NA	NA	NA	NA	4209	NA	NA	71274	NA	NA	NA	35493	NA	NA	33090	2759
Solidago_gigantea	NA	NA	NA	330183	NA	NA	NA	59293	NA	102809	102804	4210	NA	NA	NA	NA	4209	NA	NA	71274	NA	NA	NA	35493	NA	NA	33090	2759
Solidago_missouriensis	NA	NA	NA	691052	NA	NA	NA	59293	NA	102809	102804	4210	NA	NA	NA	NA	4209	NA	NA	71274	NA	NA	NA	35493	NA	NA	33090	2759
Solidago_rugosa	NA	NA	NA	511490	NA	NA	NA	59293	NA	102809	102804	4210	NA	NA	NA	NA	4209	NA	NA	71274	NA	NA	NA	35493	NA	NA	33090	2759
Solidago_virgaurea	NA	NA	NA	462879	NA	NA	NA	59293	NA	102809	102804	4210	NA	NA	NA	NA	4209	NA	NA	71274	NA	NA	NA	35493	NA	NA	33090	2759
Sonchus_tenerrimus	NA	NA	NA	255578	NA	NA	NA	50190	745063	219121	219120	4210	NA	NA	NA	NA	4209	NA	NA	71274	NA	NA	NA	35493	NA	NA	33090	2759
Sonneratia_alba	NA	NA	NA	122812	NA	NA	NA	122811	NA	NA	NA	3928	NA	NA	NA	NA	41944	NA	NA	71275	NA	NA	NA	35493	NA	NA	33090	2759
Sorbus_aucuparia	NA	NA	NA	36599	NA	NA	NA	23222	NA	721813	171637	3745	NA	NA	NA	NA	3744	NA	NA	71275	NA	NA	NA	35493	NA	NA	33090	2759
Sorghum_bicolor	NA	NA	NA	4558	NA	NA	NA	4557	NA	147429	147369	4479	NA	NA	NA	NA	38820	NA	NA	4734	4447	NA	NA	35493	NA	NA	33090	2759
Sphaerocarpos_texanus	NA	NA	NA	37410	NA	NA	NA	37409	NA	NA	NA	37408	NA	NA	NA	NA	37407	NA	NA	186774	186770	NA	NA	35493	NA	NA	33090	2759
Sphagnum_palustre	NA	NA	NA	13805	NA	NA	NA	13804	NA	NA	NA	13803	NA	NA	NA	NA	13802	NA	NA	NA	113508	NA	NA	35493	NA	NA	33090	2759
Spiranthes_sinensis	NA	NA	NA	117406	NA	NA	NA	38214	158364	158350	158331	4747	NA	NA	NA	NA	73496	NA	NA	NA	4447	NA	NA	35493	NA	NA	33090	2759
Subularia_aquatica	NA	NA	NA	664071	NA	NA	NA	664070	NA	NA	NA	3700	NA	NA	NA	NA	3699	NA	NA	71275	NA	NA	NA	35493	NA	NA	33090	2759
Swietenia_macrophylla	NA	NA	NA	43891	NA	NA	NA	43890	NA	NA	NA	43707	NA	NA	NA	NA	41937	NA	NA	71275	NA	NA	NA	35493	NA	NA	33090	2759
Symphyogyna_hymenophyllum	NA	NA	NA	129945	NA	NA	NA	37401	NA	NA	NA	71399	NA	NA	NA	186795	402723	NA	NA	400717	186771	NA	NA	35493	NA	NA	33090	2759
Syntrichia_ruralis	NA	NA	NA	38588	NA	NA	NA	200749	NA	NA	NA	38586	NA	NA	NA	NA	38585	NA	NA	114657	3214	NA	NA	35493	NA	NA	33090	2759
Tacca_plantaginea	NA	NA	NA	44982	NA	NA	NA	44981	NA	NA	NA	4671	NA	NA	NA	NA	40548	NA	NA	NA	4447	NA	NA	35493	NA	NA	33090	2759
Takakia_lepidozioides	NA	NA	NA	37425	NA	NA	NA	37424	NA	NA	NA	70833	NA	NA	NA	NA	70832	NA	NA	NA	113510	NA	NA	35493	NA	NA	33090	2759
Tanacetum_vulgare	NA	NA	NA	128002	NA	NA	NA	99105	886730	102810	102804	4210	NA	NA	NA	NA	4209	NA	NA	71274	NA	NA	NA	35493	NA	NA	33090	2759
Taraxacum_officinale	NA	NA	NA	50225	NA	NA	NA	49743	745067	219121	219120	4210	NA	NA	NA	NA	4209	NA	NA	71274	NA	NA	NA	35493	NA	NA	33090	2759
Taxus_baccata	NA	NA	NA	25629	NA	NA	NA	25628	NA	NA	NA	25623	NA	NA	NA	NA	3313	NA	NA	NA	58019	NA	NA	35493	NA	NA	33090	2759
Tectona_grandis	NA	NA	NA	41396	NA	NA	NA	41395	NA	NA	NA	4136	NA	NA	NA	NA	4143	NA	NA	71274	NA	NA	NA	35493	NA	NA	33090	2759
Tetragastris_panamensis	NA	NA	NA	246859	NA	NA	NA	246372	NA	NA	NA	4014	NA	NA	NA	NA	41937	NA	NA	71275	NA	NA	NA	35493	NA	NA	33090	2759
Tetraphis_pellucida	NA	NA	NA	37420	NA	NA	NA	37419	NA	NA	NA	37418	NA	NA	NA	NA	37417	NA	NA	NA	404265	NA	NA	35493	NA	NA	33090	2759
Thalictrum_minus	NA	NA	NA	476039	NA	NA	NA	46968	NA	NA	NA	3440	NA	NA	NA	NA	41768	NA	NA	NA	NA	NA	NA	35493	NA	NA	33090	2759
Thismia_rodwayi	NA	NA	NA	147078	NA	NA	NA	147077	NA	NA	NA	48528	NA	NA	NA	NA	40548	NA	NA	NA	4447	NA	NA	35493	NA	NA	33090	2759
Thlaspi_arvense	NA	NA	NA	13288	NA	NA	NA	13287	NA	981099	NA	3700	NA	NA	NA	NA	3699	NA	NA	71275	NA	NA	NA	35493	NA	NA	33090	2759
Thymus_praecox	NA	NA	NA	347388	NA	NA	NA	49990	NA	216718	216706	4136	NA	NA	NA	NA	4143	NA	NA	71274	NA	NA	NA	35493	NA	NA	33090	2759
Thymus_pulegioides	NA	NA	NA	751873	NA	NA	NA	49990	NA	216718	216706	4136	NA	NA	NA	NA	4143	NA	NA	71274	NA	NA	NA	35493	NA	NA	33090	2759
Tilia_americana	NA	NA	NA	66669	NA	NA	NA	64580	NA	NA	214911	3629	NA	NA	NA	NA	41938	NA	NA	71275	NA	NA	NA	35493	NA	NA	33090	2759
Tilia_cordata	NA	NA	NA	172266	NA	NA	NA	64580	NA	NA	214911	3629	NA	NA	NA	NA	41938	NA	NA	71275	NA	NA	NA	35493	NA	NA	33090	2759
Tipularia_discolor	NA	NA	NA	38213	NA	NA	NA	38212	NA	158390	158332	4747	NA	NA	NA	NA	73496	NA	NA	NA	4447	NA	NA	35493	NA	NA	33090	2759
Tmesipteris_elongata	NA	NA	NA	50272	NA	NA	NA	37837	NA	NA	NA	3238	NA	NA	NA	NA	3237	NA	NA	NA	NA	3236	NA	35493	NA	NA	33090	2759
Tmesipteris_tannensis	NA	NA	NA	37838	NA	NA	NA	37837	NA	NA	NA	3238	NA	NA	NA	NA	3237	NA	NA	NA	NA	3236	NA	35493	NA	NA	33090	2759
Torilis_arvensis	NA	NA	NA	79184	NA	NA	NA	40890	NA	241789	241778	4037	NA	NA	NA	364270	4036	NA	NA	71274	NA	NA	NA	35493	NA	NA	33090	2759
Torilis_japonica	NA	NA	NA	49576	NA	NA	NA	40890	NA	241789	241778	4037	NA	NA	NA	364270	4036	NA	NA	71274	NA	NA	NA	35493	NA	NA	33090	2759
Toxicoscordion_venenosum	NA	NA	NA	164846	NA	NA	NA	208975	NA	NA	NA	50362	NA	NA	NA	NA	4667	NA	NA	NA	4447	NA	NA	35493	NA	NA	33090	2759
Trachycarpus_fortunei	NA	NA	NA	14027	NA	NA	NA	14026	169754	417012	169700	4710	NA	NA	NA	NA	40551	NA	NA	4734	4447	NA	NA	35493	NA	NA	33090	2759
Trachystemon_orientalis	NA	NA	NA	256506	NA	NA	NA	256505	NA	NA	NA	21571	NA	NA	NA	NA	NA	NA	NA	71274	NA	NA	NA	35493	NA	NA	33090	2759
Tragopogon_pratensis	NA	NA	NA	41653	NA	NA	NA	13730	745060	219121	219120	4210	NA	NA	NA	NA	4209	NA	NA	71274	NA	NA	NA	35493	NA	NA	33090	2759
Treubia_lacunosa	NA	NA	NA	93845	NA	NA	NA	93844	NA	NA	NA	93843	NA	NA	NA	NA	186787	NA	NA	978084	402711	NA	NA	35493	NA	NA	33090	2759
Tricoryne_elatior	NA	NA	NA	220905	NA	NA	NA	59112	NA	NA	703540	27232	NA	NA	NA	NA	73496	NA	NA	NA	4447	NA	NA	35493	NA	NA	33090	2759
Trientalis_europaea	NA	NA	NA	59991	NA	NA	NA	59990	NA	NA	NA	4335	NA	NA	NA	NA	41945	NA	NA	71274	NA	NA	NA	35493	NA	NA	33090	2759
Trifolium_pratense	NA	NA	NA	57577	NA	NA	NA	3898	NA	163742	3814	3803	NA	NA	NA	NA	72025	NA	NA	71275	NA	NA	NA	35493	NA	NA	33090	2759
Trifolium_repens	NA	NA	NA	3899	NA	NA	NA	3898	NA	163742	3814	3803	NA	NA	NA	NA	72025	NA	NA	71275	NA	NA	NA	35493	NA	NA	33090	2759
Trifolium_subterraneum	NA	NA	NA	3900	NA	NA	NA	3898	NA	163742	3814	3803	NA	NA	NA	NA	72025	NA	NA	71275	NA	NA	NA	35493	NA	NA	33090	2759
Trillium_grandiflorum	NA	NA	NA	55186	NA	NA	NA	49674	NA	NA	NA	50362	NA	NA	NA	NA	4667	NA	NA	NA	4447	NA	NA	35493	NA	NA	33090	2759
Triraphis_mollis	NA	NA	NA	751736	NA	NA	NA	160566	NA	751750	147371	4479	NA	NA	NA	NA	38820	NA	NA	4734	4447	NA	NA	35493	NA	NA	33090	2759
Trisetum_flavescens	NA	NA	NA	87477	NA	NA	NA	87476	640623	147387	147368	4479	NA	NA	NA	NA	38820	NA	NA	4734	4447	NA	NA	35493	NA	NA	33090	2759
Nothofagus_balansae	NA	NA	NA	28934	NA	NA	NA	26779	NA	NA	NA	26778	NA	NA	NA	NA	3502	NA	NA	71275	NA	NA	NA	35493	NA	NA	33090	2759
Nothofagus_codonandra	NA	NA	NA	28937	NA	NA	NA	26779	NA	NA	NA	26778	NA	NA	NA	NA	3502	NA	NA	71275	NA	NA	NA	35493	NA	NA	33090	2759
Triticum_aestivum	NA	NA	NA	4565	NA	NA	NA	4564	NA	147389	147368	4479	NA	NA	NA	NA	38820	NA	NA	4734	4447	NA	NA	35493	NA	NA	33090	2759
Tritomaria_exsectiformis	NA	NA	NA	537865	NA	NA	NA	248350	NA	NA	NA	41845	NA	NA	NA	71154	3199	NA	NA	186782	186771	NA	NA	35493	NA	NA	33090	2759
Tritomaria_quinquedentata	NA	NA	NA	248352	NA	NA	NA	248350	NA	NA	NA	41845	NA	NA	NA	71154	3199	NA	NA	186782	186771	NA	NA	35493	NA	NA	33090	2759
Trizeuxis_falcata	NA	NA	NA	494524	NA	NA	NA	494523	158418	158394	158332	4747	NA	NA	NA	NA	73496	NA	NA	NA	4447	NA	NA	35493	NA	NA	33090	2759
Tsuga_canadensis	NA	NA	NA	66173	NA	NA	NA	3358	NA	NA	NA	3318	NA	NA	NA	NA	3313	NA	NA	NA	58019	NA	NA	35493	NA	NA	33090	2759
Tsuga_mertensiana	NA	NA	NA	93696	NA	NA	NA	3358	NA	NA	NA	3318	NA	NA	NA	NA	3313	NA	NA	NA	58019	NA	NA	35493	NA	NA	33090	2759
Typha_angustifolia	NA	NA	NA	59011	NA	NA	NA	4732	NA	NA	NA	4731	NA	NA	NA	NA	38820	NA	NA	4734	4447	NA	NA	35493	NA	NA	33090	2759
Typha_latifolia	NA	NA	NA	4733	NA	NA	NA	4732	NA	NA	NA	4731	NA	NA	NA	NA	38820	NA	NA	4734	4447	NA	NA	35493	NA	NA	33090	2759
Ulmus_americana	NA	NA	NA	29740	NA	NA	NA	24735	NA	NA	NA	3474	NA	NA	NA	NA	3744	NA	NA	71275	NA	NA	NA	35493	NA	NA	33090	2759
Vaccinium_myrtillus	NA	NA	NA	180763	NA	NA	NA	13749	NA	217062	217037	4345	NA	NA	NA	NA	41945	NA	NA	71274	NA	NA	NA	35493	NA	NA	33090	2759
Vaccinium_oxycoccos	NA	NA	NA	516948	NA	NA	NA	13749	NA	217062	217037	4345	NA	NA	NA	NA	41945	NA	NA	71274	NA	NA	NA	35493	NA	NA	33090	2759
Vaccinium_poasanum	NA	NA	NA	57539	NA	NA	NA	13749	NA	217062	217037	4345	NA	NA	NA	NA	41945	NA	NA	71274	NA	NA	NA	35493	NA	NA	33090	2759
Vaccinium_uliginosum	NA	NA	NA	190548	NA	NA	NA	13749	NA	217062	217037	4345	NA	NA	NA	NA	41945	NA	NA	71274	NA	NA	NA	35493	NA	NA	33090	2759
Vaccinium_vitis-idaea	NA	NA	NA	180772	NA	NA	NA	13749	NA	217062	217037	4345	NA	NA	NA	NA	41945	NA	NA	71274	NA	NA	NA	35493	NA	NA	33090	2759
Vachellia_erioloba	NA	NA	NA	205069	NA	NA	NA	468162	NA	163485	3807	3803	NA	NA	NA	NA	72025	NA	NA	71275	NA	NA	NA	35493	NA	NA	33090	2759
Veratrum_oxysepalum	NA	NA	NA	386443	NA	NA	NA	50241	NA	NA	NA	50362	NA	NA	NA	NA	4667	NA	NA	NA	4447	NA	NA	35493	NA	NA	33090	2759
Verbena_officinalis	NA	NA	NA	79772	NA	NA	NA	22002	NA	908225	NA	21910	NA	NA	NA	NA	4143	NA	NA	71274	NA	NA	NA	35493	NA	NA	33090	2759
Verdoornia_succulenta	NA	NA	NA	139852	NA	NA	NA	139851	NA	NA	NA	39024	NA	NA	NA	NA	34158	NA	NA	186781	186771	NA	NA	35493	NA	NA	33090	2759
Veronica_chamaedrys	NA	NA	NA	165330	NA	NA	NA	4173	NA	216795	NA	156152	NA	NA	NA	NA	4143	NA	NA	71274	NA	NA	NA	35493	NA	NA	33090	2759
Vicia_faba	NA	NA	NA	3906	NA	NA	NA	3904	NA	163743	3814	3803	NA	NA	NA	NA	72025	NA	NA	71275	NA	NA	NA	35493	NA	NA	33090	2759
Vicia_hirsuta	NA	NA	NA	3910	NA	NA	NA	3904	NA	163743	3814	3803	NA	NA	NA	NA	72025	NA	NA	71275	NA	NA	NA	35493	NA	NA	33090	2759
Vicia_sativa	NA	NA	NA	3908	NA	NA	NA	3904	NA	163743	3814	3803	NA	NA	NA	NA	72025	NA	NA	71275	NA	NA	NA	35493	NA	NA	33090	2759
Vicia_tetrasperma	NA	NA	NA	154499	NA	NA	NA	3904	NA	163743	3814	3803	NA	NA	NA	NA	72025	NA	NA	71275	NA	NA	NA	35493	NA	NA	33090	2759
Vigna_unguiculata	NA	NA	NA	3917	NA	NA	NA	3913	NA	163735	3814	3803	NA	NA	NA	NA	72025	NA	NA	71275	NA	NA	NA	35493	NA	NA	33090	2759
Vincetoxicum_rossicum	NA	NA	NA	429301	NA	NA	NA	63501	NA	167488	167484	4056	NA	NA	NA	NA	4055	NA	NA	71274	NA	NA	NA	35493	NA	NA	33090	2759
Vitis_vinifera	NA	NA	NA	29760	NA	NA	NA	3603	NA	NA	NA	3602	NA	NA	NA	NA	403667	NA	NA	71275	NA	NA	NA	35493	NA	NA	33090	2759
Wiesnerella_denudata	NA	NA	NA	179049	NA	NA	NA	179048	NA	NA	NA	182181	NA	NA	NA	NA	28908	NA	NA	186774	186770	NA	NA	35493	NA	NA	33090	2759
Woollsia_pungens	NA	NA	NA	55249	NA	NA	NA	55248	NA	217052	217036	4345	NA	NA	NA	NA	41945	NA	NA	71274	NA	NA	NA	35493	NA	NA	33090	2759
Wullschlaegelia_aphylla	NA	NA	NA	246270	NA	NA	NA	230606	NA	158390	158332	4747	NA	NA	NA	NA	73496	NA	NA	NA	4447	NA	NA	35493	NA	NA	33090	2759
Zea_mays	NA	NA	NA	4577	NA	NA	NA	4575	NA	147429	147369	4479	NA	NA	NA	NA	38820	NA	NA	4734	4447	NA	NA	35493	NA	NA	33090	2759
Zeuxine_agyokuana	NA	NA	NA	798538	NA	NA	NA	152919	158360	158350	158331	4747	NA	NA	NA	NA	73496	NA	NA	NA	4447	NA	NA	35493	NA	NA	33090	2759
Zeuxine_strateumatica	NA	NA	NA	152920	NA	NA	NA	152919	158360	158350	158331	4747	NA	NA	NA	NA	73496	NA	NA	NA	4447	NA	NA	35493	NA	NA	33090	2759
Zingiber_officinale	NA	NA	NA	94328	NA	NA	NA	4650	NA	NA	NA	4642	NA	NA	NA	NA	4618	NA	NA	4734	4447	NA	NA	35493	NA	NA	33090	2759
Zoysia_japonica	NA	NA	NA	309978	NA	NA	NA	38721	751755	751754	147371	4479	NA	NA	NA	NA	38820	NA	NA	4734	4447	NA	NA	35493	NA	NA	33090	2759
